field_1;Wahlbezirk;Wahlkreis;Wahlberechtigte;Wähler;gültige_1;CDU_1;DIE LINKE_1;SPD_1;AfD_1;GRÜNE_1;FDP_1;Die PARTEI_1;BüSo_1;gültige_2;CDU_2;DIE LINKE_2;SPD_2;AfD_2;GRÜNE_2;NPD_2;FDP_2;FREIE WÄHLER_2;Tierschutzpartei_2;PIRATEN_2 Deutschland;Die PARTEI_2;BüSo_2;ADPM_2;Blaue #TeamPetry_2;KPD_2;ÖDP_2;Die Humanisten_2;PDV_2;Gesundheitsforschung_2
"0";"01100";"45.0";"1333";"506";"501";"139";"110";"26";"85";"93";"32";"16.0";"0.0";"504";"140";"83";"35";"85";"83";"1";"37";"5";"4";"2";"17";"0";"0";"2";"0";"1";"6";"0";"3"
"1";"02100";"45.0";"1332";"498";"492";"87";"145";"31";"79";"100";"21";"26.0";"3.0";"491";"87";"113";"43";"74";"96";"2";"24";"8";"5";"9";"19";"1";"0";"0";"1";"5";"2";"0";"2"
"2";"02200";"45.0";"1700";"658";"646";"161";"152";"33";"141";"100";"29";"26.0";"4.0";"650";"165";"114";"53";"137";"91";"1";"26";"10";"8";"6";"15";"1";"0";"2";"2";"7";"9";"1";"2"
"3";"2400";"45.0";"1390";"489";"485";"134";"78";"38";"138";"52";"33";"8.0";"4.0";"485";"140";"61";"47";"129";"38";"2";"29";"12";"7";"3";"7";"1";"0";"1";"0";"4";"0";"0";"4"
"4";"03100";"45.0";"1219";"501";"492";"121";"85";"34";"111";"84";"27";"27.0";"3.0";"496";"112";"70";"48";"105";"72";"2";"30";"8";"10";"6";"17";"2";"2";"1";"0";"2";"6";"1";"2"
"5";"03200";"45.0";"1203";"487";"480";"128";"117";"27";"114";"51";"20";"19.0";"4.0";"480";"116";"87";"46";"111";"59";"0";"18";"9";"2";"3";"18";"1";"0";"1";"2";"3";"3";"0";"1"
"6";"03300";"45.0";"1272";"567";"551";"171";"103";"29";"115";"84";"33";"13.0";"3.0";"560";"186";"82";"49";"106";"66";"0";"30";"13";"12";"0";"11";"0";"1";"1";"1";"0";"1";"0";"1"
"7";"03401";"45.0";"1268";"485";"474";"136";"89";"39";"127";"49";"23";"7.0";"4.0";"481";"139";"67";"38";"118";"48";"1";"32";"11";"10";"0";"5";"0";"2";"0";"1";"4";"3";"0";"2"
"8";"03402";"45.0";"711";"313";"310";"105";"25";"19";"80";"54";"19";"4.0";"4.0";"310";"107";"20";"28";"71";"40";"1";"19";"8";"4";"1";"6";"1";"0";"0";"0";"2";"1";"0";"1"
"9";"04100";"47.0";"1399";"492";"487";"148";"51";"35";"81";"115";"35";"20.0";"2.0";"488";"135";"44";"47";"74";"104";"2";"40";"9";"5";"4";"14";"2";"0";"0";"0";"2";"4";"0";"2"
"10";"04200";"47.0";"1263";"452";"449";"131";"53";"33";"108";"76";"32";"15.0";"1.0";"449";"126";"54";"44";"99";"61";"2";"30";"7";"5";"3";"8";"0";"0";"3";"1";"1";"0";"2";"3"
"11";"04300";"47.0";"1284";"492";"482";"138";"74";"37";"138";"54";"23";"17.0";"1.0";"486";"129";"65";"32";"135";"63";"2";"21";"15";"2";"4";"9";"3";"0";"0";"0";"2";"0";"0";"4"
"12";"04400";"47.0";"1170";"375";"372";"96";"64";"26";"91";"52";"25";"15.0";"3.0";"372";"97";"63";"31";"87";"40";"0";"22";"11";"5";"2";"9";"0";"1";"0";"0";"0";"3";"0";"1"
"13";"04500";"47.0";"960";"376";"368";"87";"68";"27";"114";"48";"8";"12.0";"4.0";"370";"73";"64";"32";"110";"44";"2";"12";"12";"2";"3";"6";"0";"0";"1";"1";"0";"3";"0";"5"
"14";"04600";"47.0";"904";"397";"388";"114";"59";"38";"104";"32";"25";"14.0";"2.0";"393";"109";"55";"43";"101";"28";"3";"23";"11";"4";"2";"5";"1";"0";"0";"1";"2";"3";"1";"1"
"15";"05101";"47.0";"779";"270";"267";"57";"36";"26";"72";"47";"15";"13.0";"1.0";"268";"52";"38";"24";"71";"37";"0";"17";"5";"8";"1";"10";"1";"1";"0";"0";"1";"0";"0";"2"
"16";"05102";"47.0";"1261";"498";"497";"112";"74";"43";"67";"141";"20";"38.0";"2.0";"497";"103";"65";"39";"62";"131";"0";"30";"7";"10";"7";"27";"2";"2";"1";"0";"5";"3";"1";"2"
"17";"05200";"47.0";"1486";"510";"506";"63";"113";"23";"67";"174";"24";"38.0";"4.0";"508";"49";"98";"29";"62";"156";"1";"21";"19";"9";"14";"30";"3";"0";"3";"0";"4";"5";"1";"4"
"18";"05301";"47.0";"1698";"554";"550";"102";"87";"44";"76";"164";"28";"44.0";"5.0";"552";"88";"91";"47";"68";"158";"2";"33";"14";"9";"3";"23";"5";"3";"0";"0";"5";"1";"0";"2"
"19";"05302";"47.0";"1057";"348";"348";"52";"72";"24";"92";"69";"22";"15.0";"2.0";"348";"51";"69";"23";"89";"55";"1";"21";"7";"7";"4";"12";"0";"0";"1";"0";"2";"2";"0";"4"
"20";"06100";"45.0";"1005";"559";"552";"185";"95";"46";"150";"42";"19";"13.0";"2.0";"556";"185";"74";"51";"143";"31";"3";"30";"7";"7";"4";"10";"0";"1";"3";"2";"1";"0";"1";"3"
"21";"06200";"45.0";"1099";"462";"442";"99";"84";"27";"114";"96";"14";"7.0";"1.0";"447";"109";"73";"36";"107";"75";"0";"19";"6";"7";"2";"2";"1";"0";"1";"0";"4";"1";"1";"3"
"22";"06300";"45.0";"706";"274";"272";"56";"57";"20";"92";"24";"14";"8.0";"1.0";"271";"61";"42";"15";"90";"21";"0";"21";"6";"5";"3";"5";"0";"1";"0";"0";"0";"1";"0";"0"
"23";"6400";"45.0";"1152";"487";"480";"108";"83";"48";"122";"90";"19";"8.0";"2.0";"480";"127";"63";"50";"109";"80";"2";"23";"6";"7";"1";"8";"0";"1";"0";"0";"1";"1";"0";"1"
"24";"6500";"45.0";"926";"444";"444";"90";"61";"36";"68";"150";"22";"13.0";"4.0";"444";"106";"52";"42";"63";"125";"1";"21";"15";"3";"6";"6";"0";"1";"0";"0";"1";"1";"0";"1"
"25";"6600";"45.0";"1463";"566";"558";"152";"108";"31";"119";"109";"21";"18.0";"0.0";"559";"133";"69";"48";"117";"118";"0";"33";"14";"3";"4";"13";"1";"0";"1";"0";"0";"2";"1";"2"
"26";"6700";"45.0";"820";"353";"351";"71";"50";"34";"48";"117";"13";"17.0";"1.0";"351";"74";"42";"48";"44";"105";"2";"10";"8";"3";"0";"7";"0";"0";"1";"0";"3";"3";"0";"1"
"27";"06800";"45.0";"1686";"566";"557";"127";"95";"47";"79";"166";"29";"12.0";"2.0";"562";"138";"71";"58";"72";"141";"0";"39";"8";"7";"5";"10";"1";"0";"1";"0";"2";"2";"0";"7"
"28";"07100";"45.0";"1160";"508";"500";"168";"75";"22";"131";"59";"28";"13.0";"4.0";"504";"172";"64";"21";"121";"44";"3";"26";"13";"5";"8";"14";"1";"0";"1";"0";"6";"4";"0";"1"
"29";"07200";"45.0";"921";"460";"449";"148";"77";"29";"135";"29";"26";"3.0";"2.0";"455";"156";"62";"33";"122";"25";"2";"32";"9";"3";"0";"2";"1";"2";"2";"0";"0";"1";"0";"3"
"30";"7300";"45.0";"1203";"450";"442";"115";"88";"30";"120";"45";"30";"10.0";"4.0";"444";"116";"56";"39";"110";"39";"3";"35";"15";"7";"3";"9";"1";"2";"3";"0";"1";"2";"0";"3"
"31";"7400";"45.0";"1583";"628";"615";"204";"93";"33";"192";"49";"31";"12.0";"1.0";"617";"212";"79";"41";"190";"33";"3";"32";"9";"7";"0";"6";"1";"0";"0";"0";"0";"2";"0";"2"
"32";"7500";"45.0";"1233";"461";"444";"122";"92";"35";"126";"31";"20";"16.0";"2.0";"450";"126";"74";"39";"121";"28";"2";"26";"5";"4";"2";"12";"2";"1";"1";"1";"2";"1";"0";"3"
"33";"7600";"45.0";"945";"393";"383";"118";"73";"31";"110";"23";"21";"7.0";"0.0";"384";"119";"60";"34";"107";"18";"1";"21";"5";"6";"1";"5";"0";"2";"1";"1";"0";"0";"0";"3"
"34";"7700";"45.0";"844";"357";"352";"73";"84";"26";"92";"45";"19";"10.0";"3.0";"352";"84";"77";"32";"82";"31";"1";"15";"10";"2";"1";"13";"0";"1";"1";"0";"2";"0";"0";"0"
"35";"7800";"45.0";"959";"414";"408";"99";"94";"17";"113";"53";"21";"9.0";"2.0";"409";"113";"66";"29";"99";"45";"1";"19";"10";"4";"3";"13";"1";"0";"0";"2";"2";"1";"0";"1"
"36";"7900";"45.0";"1042";"487";"475";"143";"77";"32";"135";"49";"30";"8.0";"1.0";"480";"152";"62";"27";"135";"35";"2";"27";"12";"7";"2";"11";"0";"0";"2";"1";"1";"2";"0";"2"
"37";"11100";"41.0";"1718";"539";"535";"63";"102";"78";"26";"222";"12";"32.0";;"538";"67";"109";"61";"25";"205";"1";"13";"2";"1";"7";"35";"0";"0";"1";"3";"4";"2";"2";"0"
"38";"11200";"41.0";"1295";"468";"463";"46";"106";"48";"25";"201";"10";"27.0";;"462";"48";"94";"56";"21";"183";"0";"15";"3";"7";"3";"21";"0";"1";"1";"1";"0";"6";"1";"1"
"39";"11300";"41.0";"1246";"553";"546";"62";"117";"60";"42";"213";"15";"37.0";;"547";"77";"123";"53";"42";"179";"1";"18";"4";"7";"4";"29";"0";"0";"0";"1";"2";"5";"1";"1"
"40";"11401";"41.0";"794";"335";"331";"32";"78";"35";"17";"139";"6";"24.0";;"335";"32";"65";"37";"20";"129";"0";"7";"4";"2";"4";"25";"0";"0";"1";"1";"1";"7";"0";"0"
"41";"11402";"41.0";"969";"371";"371";"51";"72";"50";"40";"123";"7";"28.0";;"371";"45";"63";"45";"38";"123";"0";"13";"8";"5";"3";"19";"0";"0";"1";"1";"4";"1";"1";"1"
"42";"11500";"41.0";"1554";"645";"642";"54";"131";"72";"39";"294";"9";"43.0";;"642";"55";"113";"68";"41";"276";"1";"13";"5";"9";"6";"46";"1";"0";"1";"0";"2";"3";"0";"2"
"43";"11601";"41.0";"1164";"488";"488";"55";"95";"45";"18";"243";"8";"24.0";;"487";"61";"95";"46";"17";"213";"1";"12";"6";"5";"8";"19";"0";"0";"1";"0";"2";"0";"0";"1"
"44";"11602";"41.0";"1393";"603";"599";"53";"123";"53";"37";"292";"12";"29.0";;"598";"44";"119";"62";"35";"271";"1";"21";"4";"5";"7";"23";"0";"0";"1";"0";"2";"3";"0";"0"
"45";"11700";"41.0";"1356";"544";"540";"47";"107";"47";"34";"281";"4";"20.0";;"543";"51";"99";"47";"29";"256";"2";"10";"6";"7";"3";"21";"0";"0";"1";"0";"8";"3";"0";"0"
"46";"11800";"41.0";"1599";"512";"510";"71";"111";"45";"34";"200";"13";"36.0";;"510";"69";"106";"56";"31";"179";"0";"14";"7";"5";"7";"27";"0";"0";"1";"0";"3";"4";"0";"1"
"47";"12100";"41.0";"918";"440";"433";"84";"61";"46";"49";"160";"17";"16.0";;"438";"91";"61";"52";"43";"142";"0";"19";"8";"4";"1";"9";"0";"0";"2";"0";"2";"2";"0";"2"
"48";"12201";"41.0";"1073";"504";"501";"122";"53";"51";"65";"180";"15";"15.0";;"504";"117";"52";"46";"64";"171";"0";"27";"4";"7";"4";"9";"0";"0";"1";"0";"1";"1";"0";"0"
"49";"12202";"41.0";"1084";"479";"476";"124";"45";"49";"74";"150";"28";"6.0";;"478";"118";"41";"59";"69";"119";"2";"40";"14";"1";"3";"7";"1";"0";"3";"0";"0";"0";"1";"0"
"50";"12301";"41.0";"1086";"503";"499";"125";"77";"33";"95";"111";"39";"19.0";;"499";"120";"63";"42";"86";"100";"1";"38";"14";"5";"5";"10";"0";"2";"1";"1";"2";"7";"0";"2"
"51";"12302";"41.0";"955";"464";"461";"133";"58";"39";"72";"122";"24";"13.0";;"461";"126";"61";"37";"62";"105";"4";"37";"7";"6";"2";"7";"0";"0";"0";"2";"2";"1";"0";"2"
"52";"12400";"41.0";"1320";"562";"552";"119";"115";"31";"162";"65";"23";"37.0";;"557";"93";"100";"29";"142";"67";"6";"36";"19";"21";"7";"18";"0";"5";"4";"0";"3";"4";"0";"3"
"53";"13100";"45.0";"1292";"481";"473";"106";"84";"41";"65";"141";"19";"15.0";"2.0";"476";"117";"70";"39";"62";"130";"0";"23";"7";"3";"1";"10";"0";"0";"3";"0";"3";"6";"0";"2"
"54";"13200";"45.0";"1165";"439";"428";"103";"98";"35";"100";"60";"18";"8.0";"6.0";"433";"113";"78";"33";"95";"59";"0";"18";"14";"4";"5";"6";"1";"2";"1";"0";"2";"0";"1";"1"
"55";"13300";"45.0";"1352";"556";"551";"77";"94";"43";"65";"212";"26";"31.0";"3.0";"551";"82";"74";"80";"62";"176";"1";"26";"12";"4";"5";"24";"0";"2";"1";"0";"2";"0";"0";"0"
"56";"13400";"45.0";"1665";"545";"541";"121";"111";"42";"68";"149";"22";"25.0";"3.0";"542";"128";"78";"48";"65";"139";"0";"28";"10";"3";"5";"21";"1";"1";"0";"0";"5";"6";"2";"2"
"57";"14100";"45.0";"1032";"398";"396";"59";"112";"16";"66";"107";"11";"24.0";"1.0";"397";"48";"97";"26";"66";"88";"2";"15";"8";"8";"5";"26";"0";"0";"1";"0";"4";"3";"0";"0"
"58";"14200";"45.0";"1676";"617";"616";"54";"191";"33";"45";"248";"11";"31.0";"3.0";"617";"59";"163";"51";"43";"229";"0";"10";"10";"6";"7";"30";"0";"0";"4";"0";"1";"2";"0";"2"
"59";"14300";"45.0";"1583";"580";"576";"36";"166";"30";"35";"258";"7";"43.0";"1.0";"576";"47";"145";"54";"33";"222";"1";"9";"2";"9";"7";"36";"0";"0";"2";"2";"3";"3";"0";"1"
"60";"14401";"45.0";"1420";"632";"630";"43";"153";"33";"51";"287";"6";"55.0";"2.0";"631";"50";"133";"67";"50";"229";"0";"7";"9";"11";"13";"52";"0";"0";"0";"0";"6";"2";"1";"1"
"61";"14402";"45.0";"1306";"579";"576";"52";"134";"54";"36";"258";"13";"28.0";"1.0";"577";"70";"111";"60";"35";"238";"0";"12";"5";"5";"4";"29";"1";"0";"0";"1";"0";"6";"0";"0"
"62";"14500";"45.0";"1348";"645";"638";"76";"145";"46";"94";"219";"19";"36.0";"3.0";"639";"80";"122";"59";"89";"187";"0";"19";"20";"10";"13";"28";"0";"0";"0";"0";"3";"5";"0";"4"
"63";"14600";"45.0";"1252";"592";"588";"156";"93";"26";"165";"89";"35";"22.0";"2.0";"588";"168";"70";"40";"151";"74";"2";"38";"8";"7";"6";"11";"2";"5";"2";"0";"1";"1";"1";"1"
"64";"15100";"41.0";"1483";"520";"518";"118";"73";"48";"67";"170";"22";"20.0";;"519";"131";"51";"43";"67";"156";"0";"25";"4";"10";"5";"23";"0";"0";"0";"0";"0";"1";"0";"3"
"65";"15300";"41.0";"811";"361";"357";"84";"59";"33";"55";"94";"20";"12.0";;"355";"67";"62";"42";"50";"80";"6";"26";"4";"4";"1";"9";"0";"1";"1";"0";"1";"1";"0";"0"
"66";"21100";"47.0";"1237";"499";"498";"77";"107";"33";"73";"142";"19";"44.0";"3.0";"499";"65";"99";"47";"67";"120";"2";"26";"8";"13";"7";"32";"2";"1";"0";"1";"3";"2";"3";"1"
"67";"21200";"47.0";"1354";"559";"554";"93";"116";"38";"110";"135";"23";"36.0";"3.0";"556";"81";"100";"34";"107";"130";"3";"27";"7";"11";"7";"30";"0";"2";"1";"2";"3";"2";"2";"7"
"68";"21301";"47.0";"910";"418";"414";"76";"59";"42";"76";"114";"25";"22.0";"0.0";"415";"76";"49";"36";"69";"109";"2";"23";"18";"4";"7";"13";"0";"0";"2";"0";"4";"2";"0";"1"
"69";"21302";"47.0";"1594";"624";"612";"95";"114";"40";"110";"172";"29";"48.0";"4.0";"619";"83";"94";"57";"109";"154";"2";"32";"19";"15";"6";"34";"2";"2";"1";"0";"4";"4";"0";"1"
"70";"21303";"47.0";"899";"351";"349";"66";"49";"32";"58";"94";"19";"29.0";"2.0";"351";"63";"43";"32";"53";"97";"1";"16";"13";"7";"1";"18";"0";"2";"0";"0";"0";"4";"0";"1"
"71";"21400";"47.0";"1425";"550";"542";"88";"83";"46";"102";"171";"14";"34.0";"4.0";"546";"83";"71";"54";"94";"163";"1";"14";"11";"5";"9";"24";"2";"0";"2";"1";"2";"5";"0";"5"
"72";"21500";"47.0";"1495";"606";"594";"93";"100";"43";"125";"161";"23";"44.0";"5.0";"598";"80";"77";"52";"122";"152";"6";"23";"23";"5";"8";"38";"1";"1";"1";"0";"3";"0";"1";"5"
"73";"22100";"47.0";"1592";"697";"689";"160";"104";"67";"156";"121";"32";"41.0";"8.0";"693";"142";"95";"68";"149";"120";"2";"38";"14";"11";"5";"33";"4";"0";"1";"1";"5";"0";"1";"4"
"74";"22200";"47.0";"1406";"536";"531";"120";"69";"26";"164";"72";"28";"47.0";"5.0";"531";"107";"71";"29";"152";"57";"2";"26";"26";"12";"4";"27";"1";"1";"2";"0";"1";"6";"2";"5"
"75";"22300";"47.0";"1242";"515";"513";"122";"78";"35";"155";"61";"26";"32.0";"4.0";"513";"119";"69";"37";"152";"50";"0";"24";"17";"11";"5";"16";"1";"1";"0";"0";"4";"5";"0";"2"
"76";"22400";"47.0";"897";"413";"406";"113";"43";"23";"172";"21";"20";"7.0";"7.0";"409";"94";"42";"26";"161";"20";"4";"27";"13";"7";"0";"6";"3";"2";"0";"0";"2";"1";"1";"0"
"77";"22501";"47.0";"1200";"577";"569";"142";"71";"44";"184";"67";"25";"26.0";"10.0";"573";"130";"56";"55";"170";"64";"4";"28";"21";"7";"5";"17";"4";"0";"0";"0";"3";"1";"0";"8"
"78";"22502";"47.0";"1662";"722";"716";"190";"99";"59";"160";"117";"32";"53.0";"6.0";"716";"172";"80";"63";"148";"119";"0";"33";"28";"21";"5";"29";"1";"4";"6";"0";"2";"5";"0";"0"
"79";"22600";"47.0";"1082";"533";"527";"124";"47";"38";"185";"67";"43";"19.0";"4.0";"530";"111";"45";"43";"163";"53";"5";"33";"37";"14";"8";"10";"0";"3";"1";"0";"0";"0";"0";"4"
"80";"22700";"47.0";"1173";"563";"556";"172";"60";"31";"193";"44";"31";"22.0";"3.0";"556";"141";"58";"41";"184";"48";"0";"27";"24";"5";"2";"11";"0";"0";"3";"1";"2";"0";"6";"3"
"81";"23100";"47.0";"1068";"468";"463";"123";"38";"14";"177";"49";"28";"32.0";"2.0";"464";"108";"42";"10";"164";"48";"3";"23";"19";"7";"1";"27";"2";"4";"0";"3";"1";"0";"1";"1"
"82";"23200";"47.0";"1232";"481";"475";"97";"51";"43";"167";"52";"33";"28.0";"4.0";"476";"93";"44";"41";"157";"41";"2";"33";"19";"14";"1";"19";"1";"1";"1";"2";"3";"4";"0";"0"
"83";"23300";"47.0";"1060";"563";"556";"221";"28";"33";"186";"52";"25";"9.0";"2.0";"559";"200";"27";"36";"175";"52";"0";"38";"14";"3";"0";"7";"3";"0";"2";"0";"0";"1";"0";"1"
"84";"23400";"47.0";"1044";"549";"535";"176";"58";"36";"185";"30";"36";"11.0";"3.0";"538";"147";"44";"44";"179";"38";"3";"41";"10";"10";"3";"9";"0";"0";"3";"0";"2";"1";"0";"4"
"85";"24100";"47.0";"918";"448";"443";"127";"57";"40";"102";"71";"26";"16.0";"4.0";"444";"123";"50";"44";"97";"54";"1";"30";"16";"4";"4";"11";"0";"0";"2";"0";"2";"2";"0";"4"
"86";"24200";"47.0";"1131";"619";"617";"182";"86";"56";"109";"131";"35";"16.0";"2.0";"616";"169";"68";"61";"96";"129";"0";"40";"17";"4";"1";"16";"0";"1";"3";"0";"4";"4";"1";"2"
"87";"24300";"47.0";"1028";"547";"542";"156";"67";"54";"106";"98";"31";"27.0";"3.0";"542";"158";"68";"54";"103";"84";"0";"23";"15";"14";"1";"10";"2";"0";"3";"0";"2";"2";"2";"1"
"88";"24400";"47.0";"1328";"653";"648";"206";"78";"49";"134";"106";"41";"31.0";"3.0";"652";"194";"87";"49";"125";"102";"2";"35";"27";"6";"3";"15";"0";"1";"0";"0";"2";"1";"0";"3"
"89";"24500";"47.0";"1500";"702";"687";"212";"81";"66";"202";"70";"32";"18.0";"6.0";"695";"195";"82";"55";"192";"70";"4";"37";"18";"11";"3";"12";"2";"3";"2";"3";"0";"2";"0";"4"
"90";"24700";"47.0";"1079";"477";"469";"137";"70";"25";"138";"57";"27";"10.0";"5.0";"471";"119";"58";"27";"132";"58";"3";"35";"12";"4";"3";"6";"1";"3";"1";"0";"6";"1";"0";"2"
"91";"24800";"47.0";"1009";"461";"459";"165";"44";"30";"126";"56";"26";"10.0";"2.0";"459";"150";"41";"34";"123";"53";"0";"31";"11";"1";"0";"8";"1";"2";"0";"0";"1";"1";"0";"2"
"92";"25100";"47.0";"1450";"607";"598";"121";"117";"29";"140";"116";"26";"39.0";"10.0";"599";"112";"108";"38";"131";"108";"4";"21";"22";"10";"3";"28";"2";"0";"0";"0";"3";"6";"1";"2"
"93";"25200";"47.0";"1237";"522";"514";"114";"96";"33";"93";"104";"30";"37.0";"7.0";"517";"110";"79";"38";"90";"88";"5";"28";"13";"9";"10";"30";"3";"2";"2";"0";"3";"2";"0";"5"
"94";"25300";"47.0";"1392";"614";"607";"181";"58";"54";"188";"53";"49";"21.0";"3.0";"607";"167";"53";"46";"176";"48";"4";"57";"14";"8";"4";"14";"0";"1";"3";"0";"1";"2";"0";"9"
"95";"25400";"47.0";"1762";"689";"684";"154";"111";"37";"155";"131";"34";"56.0";"6.0";"687";"146";"113";"41";"146";"110";"2";"28";"25";"17";"7";"35";"2";"0";"2";"0";"5";"3";"0";"5"
"96";"25500";"47.0";"1683";"633";"624";"163";"89";"48";"132";"118";"32";"40.0";"2.0";"623";"149";"93";"53";"128";"99";"2";"31";"13";"13";"3";"21";"0";"0";"2";"1";"3";"4";"4";"4"
"97";"25600";"47.0";"833";"367";"361";"117";"40";"27";"81";"59";"24";"10.0";"3.0";"363";"100";"34";"35";"80";"54";"2";"24";"9";"6";"2";"7";"2";"1";"0";"0";"3";"0";"1";"3"
"98";"25700";"47.0";"1512";"660";"652";"189";"83";"50";"166";"108";"31";"24.0";"1.0";"656";"165";"69";"56";"163";"101";"1";"51";"13";"7";"5";"13";"1";"0";"4";"0";"5";"0";"0";"2"
"99";"31100";"41.0";"1592";"726";"716";"252";"60";"42";"176";"112";"51";"23.0";;"719";"213";"58";"48";"159";"106";"1";"86";"15";"3";"5";"14";"1";"2";"1";"0";"1";"0";"2";"4"
"100";"31200";"41.0";"1362";"588";"576";"188";"62";"42";"179";"44";"44";"17.0";;"581";"163";"64";"38";"161";"47";"5";"61";"16";"3";"1";"13";"0";"1";"0";"3";"2";"0";"1";"2"
"101";"31300";"41.0";"1018";"515";"501";"161";"69";"29";"155";"24";"48";"15.0";;"507";"133";"61";"30";"152";"23";"2";"66";"9";"5";"1";"13";"0";"3";"2";"2";"3";"1";"0";"1"
"102";"31400";"41.0";"1419";"696";"682";"273";"52";"29";"149";"93";"68";"18.0";;"689";"243";"41";"38";"135";"104";"3";"83";"14";"6";"2";"10";"0";"1";"3";"0";"2";"2";"1";"1"
"103";"31500";"41.0";"1098";"644";"637";"238";"59";"43";"139";"92";"49";"17.0";;"640";"189";"48";"51";"127";"94";"2";"85";"8";"7";"3";"18";"0";"2";"1";"0";"3";"1";"0";"1"
"104";"31601";"41.0";"1171";"592";"580";"213";"49";"44";"122";"89";"51";"12.0";;"583";"166";"41";"49";"107";"92";"3";"85";"12";"6";"2";"6";"0";"0";"3";"0";"4";"1";"2";"4"
"105";"31602";"41.0";"1048";"558";"550";"218";"52";"33";"118";"81";"36";"12.0";;"554";"185";"42";"33";"115";"82";"0";"62";"16";"6";"1";"7";"0";"0";"1";"0";"3";"0";"1";"0"
"106";"31701";"41.0";"934";"432";"423";"135";"63";"26";"110";"40";"41";"8.0";;"426";"116";"52";"28";"102";"35";"1";"65";"9";"2";"4";"7";"0";"0";"0";"2";"1";"0";"1";"1"
"107";"31702";"41.0";"1079";"492";"484";"157";"64";"34";"135";"38";"36";"20.0";;"486";"132";"60";"36";"123";"35";"2";"61";"6";"5";"3";"12";"0";"1";"2";"0";"0";"4";"0";"4"
"108";"31800";"41.0";"870";"406";"394";"99";"49";"29";"124";"48";"28";"17.0";;"397";"69";"57";"36";"116";"39";"9";"36";"9";"4";"3";"11";"0";"1";"0";"1";"1";"2";"0";"3"
"109";"32100";"41.0";"1369";"730";"722";"241";"52";"33";"263";"54";"65";"14.0";;"724";"209";"49";"34";"261";"43";"3";"92";"17";"6";"2";"2";"0";"2";"3";"0";"0";"0";"0";"1"
"110";"32201";"41.0";"866";"457";"450";"143";"29";"30";"159";"29";"51";"9.0";;"454";"134";"28";"24";"142";"25";"2";"61";"17";"8";"1";"7";"0";"1";"1";"0";"0";"0";"0";"3"
"111";"32202";"41.0";"789";"372";"369";"130";"33";"26";"107";"26";"37";"10.0";;"371";"113";"26";"19";"105";"35";"0";"38";"17";"3";"4";"3";"2";"0";"1";"0";"1";"0";"1";"3"
"112";"32300";"41.0";"928";"527";"521";"159";"47";"34";"150";"84";"38";"9.0";;"525";"149";"40";"34";"132";"79";"2";"53";"17";"3";"0";"7";"1";"4";"2";"0";"1";"1";"0";"0"
"113";"32400";"41.0";"1106";"578";"576";"171";"53";"53";"119";"128";"44";"8.0";;"576";"149";"46";"53";"114";"112";"1";"64";"11";"6";"3";"7";"0";"2";"0";"1";"4";"2";"0";"1"
"114";"35110";"41.0";"1270";"673";"668";"246";"47";"35";"170";"80";"73";"17.0";;"668";"205";"34";"39";"168";"69";"1";"112";"17";"5";"1";"10";"0";"2";"3";"0";"1";"0";"0";"1"
"115";"35310";"41.0";"1100";"669";"668";"242";"50";"36";"204";"72";"55";"9.0";;"668";"201";"40";"45";"193";"59";"4";"80";"22";"8";"5";"7";"0";"0";"1";"0";"1";"1";"0";"1"
"116";"35410";"41.0";"1202";"687";"681";"203";"61";"46";"206";"80";"73";"12.0";;"680";"160";"40";"44";"196";"66";"1";"121";"24";"5";"5";"10";"1";"1";"2";"1";"0";"1";"0";"2"
"117";"35510";"41.0";"984";"552";"547";"207";"38";"32";"178";"33";"46";"13.0";;"545";"157";"31";"28";"166";"31";"0";"90";"12";"12";"1";"4";"0";"0";"7";"0";"0";"0";"1";"5"
"118";"35610";"41.0";"203";"116";"114";"41";"10";"11";"35";"2";"14";"1.0";;"115";"39";"7";"10";"34";"5";"0";"15";"1";"2";"0";"1";"0";"0";"0";"0";"0";"0";"0";"1"
"119";"36110";"41.0";"955";"553";"550";"265";"23";"18";"138";"55";"38";"13.0";;"550";"150";"26";"19";"138";"55";"1";"129";"9";"10";"2";"9";"1";"0";"0";"0";"0";"0";"0";"1"
"120";"36210";"41.0";"1277";"695";"691";"304";"29";"50";"127";"115";"51";"15.0";;"691";"160";"32";"54";"121";"118";"3";"168";"8";"6";"3";"10";"0";"0";"0";"0";"5";"1";"1";"1"
"121";"36310";"41.0";"772";"411";"399";"156";"35";"24";"97";"44";"33";"10.0";;"403";"88";"32";"32";"96";"41";"0";"94";"10";"2";"0";"8";"0";"0";"0";"0";"0";"0";"0";"0"
"122";"36410";"41.0";"380";"286";"282";"101";"7";"18";"91";"29";"31";"5.0";;"284";"65";"9";"12";"89";"28";"2";"64";"8";"3";"1";"3";"0";"0";"0";"0";"0";"0";"0";"0"
"123";"41100";"42.0";"1320";"676";"667";"240";"58";"49";"120";"154";"46";;;"672";"232";"44";"59";"119";"138";"1";"45";"13";"2";"2";"9";"0";"0";"0";"2";"1";"1";"2";"2"
"124";"41200";"42.0";"1200";"654";"640";"235";"38";"47";"132";"142";"46";;;"645";"223";"32";"65";"124";"123";"0";"46";"7";"8";"4";"4";"1";"2";"1";"0";"3";"0";"1";"1"
"125";"41300";"42.0";"848";"409";"406";"164";"14";"32";"76";"71";"49";;;"406";"141";"13";"47";"65";"65";"1";"50";"14";"0";"2";"3";"0";"1";"2";"0";"1";"0";"0";"1"
"126";"41400";"42.0";"1068";"444";"440";"149";"30";"28";"110";"100";"23";;;"443";"142";"23";"26";"104";"88";"1";"34";"9";"4";"2";"2";"0";"0";"0";"0";"4";"3";"0";"1"
"127";"42100";"42.0";"1465";"749";"741";"292";"54";"61";"98";"182";"54";;;"742";"258";"49";"63";"89";"173";"1";"59";"19";"3";"4";"12";"1";"0";"1";"1";"3";"3";"0";"3"
"128";"42200";"42.0";"1459";"748";"738";"280";"44";"46";"138";"176";"54";;;"743";"244";"46";"50";"130";"159";"0";"59";"21";"13";"0";"11";"0";"2";"1";"1";"2";"1";"1";"2"
"129";"42400";"42.0";"1229";"602";"592";"219";"73";"45";"97";"121";"37";;;"598";"214";"63";"44";"81";"108";"1";"44";"18";"5";"3";"8";"0";"1";"1";"0";"2";"3";"0";"2"
"130";"42500";"42.0";"1145";"623";"619";"219";"74";"54";"131";"104";"37";;;"621";"180";"58";"54";"130";"99";"1";"43";"26";"9";"0";"11";"1";"0";"1";"0";"4";"2";"0";"2"
"131";"42600";"42.0";"977";"504";"501";"180";"42";"35";"111";"90";"43";;;"500";"167";"32";"44";"109";"84";"0";"43";"8";"3";"3";"2";"0";"0";"0";"0";"2";"0";"2";"1"
"132";"42700";"42.0";"1138";"590";"580";"199";"51";"50";"138";"71";"71";;;"582";"182";"47";"48";"139";"66";"0";"66";"18";"2";"2";"4";"0";"1";"1";"0";"0";"2";"1";"3"
"133";"42800";"42.0";"739";"453";"447";"187";"25";"31";"95";"79";"30";;;"452";"160";"29";"36";"88";"68";"0";"40";"9";"7";"1";"4";"0";"2";"2";"3";"3";"0";"0";"0"
"134";"42900";"42.0";"679";"376";"371";"133";"40";"30";"76";"65";"27";;;"375";"138";"36";"29";"68";"56";"0";"21";"13";"5";"0";"2";"0";"3";"0";"0";"3";"0";"0";"1"
"135";"43100";"42.0";"506";"232";"231";"68";"22";"20";"54";"49";"18";;;"231";"61";"19";"25";"53";"38";"0";"21";"3";"1";"1";"4";"0";"0";"1";"0";"3";"0";"0";"1"
"136";"43200";"42.0";"1496";"750";"738";"218";"81";"61";"197";"136";"45";;;"746";"197";"64";"73";"190";"123";"4";"37";"30";"5";"1";"7";"0";"1";"3";"0";"3";"3";"1";"4"
"137";"43400";"42.0";"736";"376";"368";"108";"45";"21";"115";"56";"23";;;"371";"104";"39";"29";"101";"42";"3";"22";"13";"3";"1";"6";"0";"0";"1";"0";"4";"2";"0";"1"
"138";"45110";"41.0";"1001";"648";"641";"253";"49";"41";"164";"68";"53";"13.0";;"643";"219";"48";"49";"160";"59";"1";"81";"13";"5";"1";"4";"0";"1";"1";"0";"0";"1";"0";"0"
"139";"45210";"41.0";"1038";"493";"480";"188";"39";"27";"152";"34";"35";"5.0";;"484";"177";"29";"28";"155";"29";"1";"31";"12";"9";"2";"3";"0";"1";"0";"1";"0";"2";"1";"3"
"140";"45310";"41.0";"1100";"438";"433";"146";"48";"24";"128";"42";"31";"14.0";;"436";"138";"37";"23";"122";"35";"4";"38";"13";"6";"2";"6";"0";"0";"1";"0";"3";"3";"2";"3"
"141";"45410";"41.0";"808";"443";"437";"174";"31";"30";"117";"52";"28";"5.0";;"438";"162";"29";"28";"117";"40";"1";"33";"17";"1";"0";"5";"0";"1";"1";"0";"1";"1";"1";"0"
"142";"45510";"41.0";"585";"287";"284";"109";"18";"18";"84";"30";"18";"7.0";;"285";"105";"21";"20";"72";"24";"2";"28";"4";"4";"0";"2";"0";"0";"2";"0";"0";"1";"0";"0"
"143";"46110";"41.0";"825";"457";"453";"214";"29";"18";"102";"47";"37";"6.0";;"456";"192";"24";"18";"102";"55";"1";"41";"15";"1";"1";"1";"0";"0";"2";"0";"2";"1";"0";"0"
"144";"46210";"41.0";"855";"514";"507";"199";"37";"23";"156";"50";"34";"8.0";;"510";"179";"32";"26";"144";"51";"4";"43";"14";"3";"3";"3";"0";"0";"1";"0";"0";"3";"2";"2"
"145";"46310";"41.0";"703";"390";"386";"167";"30";"27";"72";"54";"29";"7.0";;"388";"137";"26";"35";"73";"54";"0";"45";"11";"4";"0";"1";"0";"0";"0";"0";"1";"0";"0";"1"
"146";"46410";"41.0";"736";"428";"426";"136";"31";"21";"144";"48";"41";"5.0";;"426";"120";"23";"21";"141";"40";"3";"49";"15";"6";"0";"5";"1";"0";"0";"0";"0";"1";"1";"0"
"147";"47110";"41.0";"1003";"535";"526";"201";"39";"29";"154";"53";"39";"11.0";;"529";"175";"39";"29";"146";"49";"2";"46";"19";"6";"0";"8";"0";"2";"3";"0";"1";"2";"0";"2"
"148";"47210";"41.0";"1115";"574";"568";"210";"35";"23";"217";"39";"33";"11.0";;"568";"159";"44";"31";"213";"39";"2";"47";"13";"6";"0";"6";"0";"1";"0";"1";"1";"1";"2";"2"
"149";"47310";"41.0";"554";"317";"315";"114";"11";"17";"110";"41";"12";"10.0";;"316";"100";"13";"17";"108";"35";"1";"17";"12";"2";"3";"3";"0";"0";"0";"0";"2";"1";"0";"2"
"150";"51100";"44.0";"1348";"600";"594";"209";"51";"63";"135";"99";"33";;"4.0";"596";"204";"40";"64";"117";"97";"2";"39";"9";"4";"0";"5";"1";"1";"3";"0";"5";"4";"1";"0"
"151";"51200";"44.0";"1580";"715";"703";"291";"67";"54";"129";"118";"37";;"7.0";"706";"258";"58";"58";"113";"114";"0";"47";"22";"10";"2";"13";"1";"2";"3";"0";"2";"0";"1";"2"
"152";"51400";"44.0";"1114";"584";"577";"224";"49";"56";"101";"123";"21";;"3.0";"578";"186";"44";"65";"94";"99";"0";"40";"18";"9";"1";"12";"0";"0";"1";"0";"3";"3";"0";"3"
"153";"51500";"44.0";"1218";"570";"565";"175";"64";"55";"112";"127";"20";;"12.0";"568";"153";"54";"45";"100";"125";"3";"27";"28";"10";"2";"10";"1";"0";"1";"2";"1";"3";"1";"2"
"154";"51600";"44.0";"1191";"660";"654";"223";"78";"62";"123";"133";"29";;"6.0";"657";"209";"55";"67";"122";"125";"1";"31";"18";"7";"0";"12";"1";"0";"0";"0";"6";"0";"0";"3"
"155";"51700";"44.0";"1488";"684";"675";"207";"92";"48";"133";"160";"31";;"4.0";"677";"194";"72";"49";"118";"141";"0";"42";"16";"9";"5";"13";"1";"1";"1";"0";"5";"6";"2";"2"
"156";"52100";"44.0";"1143";"558";"555";"197";"47";"48";"71";"167";"23";;"2.0";"557";"160";"41";"62";"65";"165";"1";"27";"12";"1";"1";"12";"0";"0";"0";"2";"2";"4";"0";"2"
"157";"52200";"44.0";"1325";"671";"662";"202";"76";"66";"101";"173";"37";;"7.0";"666";"201";"57";"81";"89";"147";"0";"37";"17";"6";"4";"19";"0";"0";"1";"1";"2";"2";"1";"1"
"158";"52300";"44.0";"1491";"662";"659";"179";"77";"55";"100";"218";"24";;"6.0";"660";"164";"62";"91";"90";"187";"0";"25";"5";"8";"2";"12";"1";"0";"0";"0";"5";"5";"0";"3"
"159";"52400";"44.0";"1444";"740";"734";"255";"64";"80";"97";"190";"46";;"2.0";"736";"245";"50";"73";"87";"190";"2";"49";"10";"9";"3";"10";"0";"0";"1";"1";"1";"2";"0";"3"
"160";"52501";"44.0";"1424";"707";"704";"226";"65";"67";"113";"199";"30";;"4.0";"705";"216";"56";"65";"112";"166";"0";"34";"15";"2";"3";"22";"0";"3";"1";"0";"8";"2";"0";"0"
"161";"52502";"44.0";"1120";"493";"491";"142";"43";"49";"95";"132";"22";;"8.0";"491";"126";"36";"43";"92";"127";"0";"20";"12";"10";"5";"8";"2";"1";"0";"0";"5";"2";"1";"1"
"162";"52600";"44.0";"996";"530";"528";"161";"52";"39";"96";"155";"21";;"4.0";"529";"144";"43";"56";"83";"131";"0";"33";"14";"2";"2";"11";"0";"0";"0";"0";"6";"2";"0";"2"
"163";"52701";"44.0";"1036";"481";"472";"161";"60";"49";"84";"90";"23";;"5.0";"476";"144";"52";"48";"76";"90";"1";"33";"5";"7";"2";"5";"0";"1";"3";"0";"1";"1";"1";"6"
"164";"52702";"44.0";"1407";"622";"615";"175";"72";"79";"137";"103";"37";;"12.0";"615";"155";"63";"63";"135";"95";"0";"43";"19";"10";"2";"16";"4";"4";"0";"0";"2";"3";"0";"1"
"165";"53100";"45.0";"1073";"558";"554";"170";"82";"45";"84";"130";"31";"12.0";"0.0";"557";"186";"63";"54";"81";"115";"1";"33";"9";"2";"1";"5";"0";"0";"0";"0";"1";"4";"1";"1"
"166";"53200";"45.0";"944";"395";"394";"80";"83";"25";"75";"93";"19";"17.0";"2.0";"393";"83";"58";"40";"67";"88";"1";"20";"7";"5";"2";"13";"0";"1";"0";"1";"3";"3";"0";"1"
"167";"53300";"45.0";"1770";"597";"587";"130";"118";"37";"162";"94";"33";"11.0";"2.0";"590";"136";"96";"32";"159";"86";"3";"41";"11";"3";"2";"6";"5";"2";"0";"0";"1";"1";"1";"5"
"168";"53400";"45.0";"1368";"612";"605";"186";"107";"44";"161";"61";"30";"12.0";"4.0";"604";"181";"83";"65";"142";"52";"1";"37";"22";"7";"3";"3";"0";"0";"0";"0";"1";"2";"1";"4"
"169";"53600";"45.0";"1585";"613";"604";"205";"51";"47";"152";"106";"26";"10.0";"7.0";"607";"192";"48";"55";"134";"82";"2";"45";"19";"8";"5";"4";"2";"0";"1";"0";"5";"1";"2";"2"
"170";"53700";"45.0";"1175";"470";"463";"119";"63";"24";"130";"78";"21";"24.0";"4.0";"464";"107";"44";"32";"115";"74";"2";"21";"18";"9";"6";"20";"1";"0";"1";"0";"9";"1";"1";"3"
"171";"53800";"45.0";"1224";"550";"540";"165";"82";"37";"125";"72";"31";"21.0";"7.0";"541";"156";"59";"37";"106";"72";"1";"39";"23";"5";"2";"22";"2";"1";"4";"1";"2";"6";"0";"3"
"172";"54100";"44.0";"1729";"695";"685";"215";"95";"76";"131";"125";"30";;"13.0";"687";"193";"63";"80";"123";"129";"0";"47";"16";"4";"4";"14";"4";"0";"2";"0";"1";"3";"1";"3"
"173";"54200";"44.0";"1267";"608";"602";"164";"82";"52";"96";"166";"30";;"12.0";"606";"162";"65";"46";"86";"146";"4";"36";"22";"5";"5";"16";"1";"4";"1";"0";"3";"3";"0";"1"
"174";"54300";"44.0";"1354";"546";"537";"161";"84";"62";"124";"67";"35";;"4.0";"539";"162";"65";"59";"116";"61";"1";"37";"9";"3";"4";"10";"0";"0";"0";"1";"0";"3";"2";"6"
"175";"54400";"44.0";"1476";"571";"559";"182";"60";"58";"137";"76";"39";;"7.0";"562";"183";"51";"37";"129";"74";"2";"43";"19";"6";"7";"8";"0";"0";"1";"0";"1";"1";"0";"0"
"176";"54501";"44.0";"1477";"670";"663";"229";"71";"73";"145";"91";"51";;"3.0";"667";"223";"65";"52";"144";"83";"2";"44";"20";"5";"3";"10";"0";"0";"0";"2";"6";"3";"0";"5"
"177";"54502";"44.0";"1581";"711";"704";"231";"71";"64";"162";"130";"40";;"6.0";"705";"207";"56";"77";"159";"107";"0";"44";"20";"4";"6";"6";"1";"0";"4";"0";"4";"4";"1";"5"
"178";"54600";"44.0";"1608";"665";"652";"174";"98";"68";"164";"110";"29";;"9.0";"657";"164";"87";"59";"156";"94";"1";"34";"12";"10";"9";"17";"1";"0";"2";"0";"2";"5";"0";"4"
"179";"55101";"44.0";"1180";"601";"589";"181";"64";"44";"170";"91";"35";;"4.0";"597";"173";"55";"35";"160";"83";"6";"45";"11";"5";"4";"11";"0";"0";"2";"0";"2";"1";"1";"3"
"180";"55102";"44.0";"1094";"542";"540";"144";"74";"49";"160";"87";"23";;"3.0";"541";"129";"60";"47";"146";"83";"3";"29";"12";"10";"2";"13";"0";"2";"0";"0";"2";"3";"0";"0"
"181";"55200";"44.0";"1030";"451";"444";"125";"50";"49";"149";"50";"14";;"7.0";"447";"124";"44";"42";"136";"37";"3";"18";"16";"9";"1";"9";"0";"3";"1";"0";"2";"1";"0";"1"
"182";"55300";"44.0";"1561";"727";"707";"241";"76";"51";"232";"50";"52";;"5.0";"711";"234";"65";"52";"209";"38";"4";"53";"37";"9";"0";"4";"1";"0";"1";"0";"1";"1";"0";"2"
"183";"55400";"44.0";"1044";"405";"390";"92";"60";"32";"157";"28";"16";;"5.0";"397";"95";"51";"28";"145";"25";"4";"20";"13";"2";"1";"6";"2";"0";"0";"1";"2";"0";"1";"1"
"184";"55600";"44.0";"1617";"622";"612";"176";"97";"45";"190";"49";"43";;"12.0";"613";"156";"79";"38";"188";"46";"3";"50";"14";"12";"2";"13";"1";"0";"2";"0";"1";"4";"1";"3"
"185";"55800";"44.0";"1470";"587";"580";"184";"78";"58";"168";"54";"29";;"9.0";"578";"164";"77";"51";"150";"49";"4";"37";"17";"8";"5";"11";"0";"1";"1";"0";"1";"0";"0";"2"
"186";"56100";"44.0";"1605";"620";"613";"166";"75";"51";"203";"62";"42";;"14.0";"615";"164";"52";"55";"192";"50";"4";"34";"18";"14";"2";"13";"0";"5";"1";"0";"1";"6";"1";"3"
"187";"56200";"44.0";"838";"330";"322";"63";"34";"25";"154";"28";"14";;"4.0";"324";"54";"25";"27";"138";"18";"4";"16";"18";"2";"0";"9";"3";"1";"1";"1";"2";"3";"0";"2"
"188";"56300";"44.0";"1323";"614";"606";"162";"92";"52";"209";"57";"21";;"13.0";"609";"156";"68";"41";"194";"45";"3";"27";"39";"7";"2";"9";"3";"1";"3";"0";"2";"1";"1";"7"
"189";"56401";"44.0";"721";"323";"319";"103";"29";"18";"105";"37";"25";;"2.0";"321";"74";"21";"20";"97";"39";"2";"33";"23";"1";"1";"5";"0";"0";"1";"0";"1";"2";"0";"1"
"190";"56402";"44.0";"1508";"687";"676";"205";"77";"61";"216";"69";"42";;"6.0";"678";"190";"66";"56";"193";"58";"1";"53";"19";"5";"1";"15";"0";"3";"7";"0";"5";"3";"0";"3"
"191";"56501";"44.0";"1030";"488";"481";"143";"66";"29";"153";"50";"28";;"12.0";"481";"135";"52";"29";"135";"48";"3";"33";"15";"11";"2";"7";"0";"1";"0";"0";"2";"3";"1";"4"
"192";"56502";"44.0";"937";"477";"464";"154";"61";"42";"152";"36";"16";;"3.0";"470";"130";"57";"39";"144";"29";"1";"26";"13";"10";"1";"12";"2";"1";"0";"0";"1";"2";"0";"2"
"193";"56600";"44.0";"1324";"487";"481";"135";"46";"43";"171";"55";"23";;"8.0";"485";"125";"44";"44";"157";"44";"1";"21";"20";"8";"3";"15";"1";"1";"1";"0";"0";"0";"0";"0"
"194";"56800";"44.0";"810";"392";"382";"108";"57";"38";"124";"30";"22";;"3.0";"385";"111";"52";"25";"115";"28";"2";"22";"14";"2";"0";"7";"0";"4";"1";"0";"1";"0";"0";"1"
"195";"56900";"44.0";"984";"448";"438";"118";"72";"50";"129";"35";"22";;"12.0";"444";"121";"55";"42";"123";"37";"0";"29";"9";"6";"1";"8";"4";"0";"1";"1";"5";"0";"0";"2"
"196";"57100";"44.0";"1042";"494";"484";"160";"71";"41";"119";"61";"31";;"1.0";"488";"142";"55";"54";"101";"57";"0";"47";"11";"2";"2";"4";"0";"0";"2";"1";"8";"1";"0";"1"
"197";"57200";"44.0";"1535";"680";"670";"166";"114";"62";"162";"127";"31";;"8.0";"674";"139";"102";"61";"155";"126";"1";"27";"23";"7";"5";"17";"0";"1";"1";"0";"5";"2";"1";"1"
"198";"57301";"44.0";"897";"473";"469";"151";"53";"40";"133";"51";"35";;"6.0";"468";"141";"45";"37";"117";"43";"0";"34";"25";"9";"0";"5";"2";"0";"1";"0";"3";"2";"2";"2"
"199";"57302";"44.0";"766";"409";"400";"130";"58";"32";"102";"51";"21";;"6.0";"398";"127";"47";"35";"94";"38";"0";"30";"13";"5";"1";"3";"1";"0";"0";"0";"1";"0";"1";"2"
"200";"57400";"44.0";"1189";"543";"536";"187";"57";"31";"165";"57";"24";;"15.0";"535";"168";"46";"35";"152";"50";"3";"32";"23";"8";"1";"4";"3";"1";"2";"0";"2";"2";"1";"2"
"201";"57500";"44.0";"1513";"555";"547";"137";"110";"45";"169";"53";"21";;"12.0";"547";"145";"104";"32";"156";"39";"6";"17";"11";"12";"1";"9";"3";"1";"0";"1";"4";"3";"2";"1"
"202";"57600";"44.0";"1406";"553";"543";"157";"81";"42";"160";"70";"29";;"4.0";"546";"141";"57";"42";"145";"63";"2";"41";"12";"13";"2";"18";"0";"0";"0";"0";"1";"3";"0";"6"
"203";"57700";"44.0";"919";"403";"396";"117";"57";"41";"101";"69";"9";;"2.0";"400";"111";"41";"33";"91";"65";"0";"18";"14";"5";"4";"7";"1";"1";"1";"2";"5";"1";"0";"0"
"204";"57800";"44.0";"1362";"536";"523";"193";"45";"41";"142";"69";"27";;"6.0";"527";"196";"40";"43";"122";"52";"0";"32";"21";"5";"3";"4";"0";"1";"1";"2";"1";"4";"0";"0"
"205";"61100";"42.0";"991";"471";"454";"155";"59";"36";"141";"38";"25";;;"458";"135";"50";"34";"129";"39";"1";"25";"14";"18";"0";"6";"0";"1";"1";"1";"1";"0";"1";"2"
"206";"61200";"42.0";"1055";"533";"526";"167";"46";"42";"156";"74";"41";;;"530";"166";"41";"32";"149";"48";"2";"35";"24";"11";"3";"9";"0";"0";"2";"0";"3";"2";"2";"1"
"207";"61300";"42.0";"1599";"745";"731";"216";"93";"52";"250";"61";"59";;;"733";"202";"92";"51";"227";"42";"3";"55";"30";"11";"1";"10";"0";"3";"1";"0";"0";"1";"0";"4"
"208";"61400";"42.0";"1110";"501";"496";"125";"61";"53";"187";"40";"30";;;"498";"112";"39";"45";"164";"47";"5";"25";"22";"5";"3";"23";"0";"1";"3";"2";"0";"0";"1";"1"
"209";"61500";"42.0";"1230";"527";"518";"171";"69";"44";"159";"37";"38";;;"520";"162";"56";"40";"150";"36";"5";"29";"12";"6";"1";"12";"0";"0";"3";"2";"0";"1";"1";"4"
"210";"61600";"42.0";"1033";"463";"454";"128";"78";"38";"152";"36";"22";;;"457";"116";"66";"42";"141";"32";"3";"21";"11";"12";"0";"7";"0";"1";"2";"0";"1";"1";"0";"1"
"211";"61700";"42.0";"1015";"384";"373";"100";"61";"30";"136";"30";"16";;;"376";"99";"57";"33";"117";"19";"9";"13";"9";"8";"0";"8";"0";"0";"0";"1";"0";"2";"0";"1"
"212";"61800";"42.0";"1784";"605";"589";"130";"81";"50";"266";"33";"29";;;"594";"114";"62";"41";"245";"35";"11";"28";"20";"14";"0";"14";"1";"5";"1";"0";"0";"2";"0";"1"
"213";"62101";"42.0";"712";"361";"350";"90";"31";"43";"117";"42";"27";;;"353";"84";"22";"33";"105";"43";"1";"23";"14";"10";"2";"10";"0";"1";"2";"1";"0";"1";"0";"1"
"214";"62102";"42.0";"955";"531";"523";"175";"36";"43";"148";"60";"61";;;"525";"170";"35";"35";"134";"59";"4";"51";"16";"7";"2";"10";"0";"0";"1";"0";"0";"1";"0";"0"
"215";"62200";"42.0";"1154";"606";"595";"187";"71";"37";"214";"50";"36";;;"599";"166";"62";"41";"202";"44";"5";"41";"16";"3";"1";"8";"0";"2";"1";"1";"2";"1";"0";"3"
"216";"62301";"42.0";"928";"434";"432";"126";"39";"33";"152";"41";"41";;;"434";"126";"40";"22";"143";"34";"6";"27";"11";"5";"1";"7";"1";"0";"2";"0";"3";"1";"0";"5"
"217";"62302";"42.0";"1046";"504";"498";"188";"51";"41";"124";"43";"51";;;"499";"181";"44";"42";"119";"34";"1";"48";"13";"7";"1";"4";"1";"0";"0";"0";"0";"0";"1";"3"
"218";"62400";"42.0";"1353";"701";"688";"222";"66";"43";"184";"121";"52";;;"696";"178";"49";"60";"166";"123";"4";"46";"25";"10";"2";"23";"0";"2";"0";"0";"2";"3";"0";"3"
"219";"62501";"42.0";"1267";"644";"637";"212";"56";"50";"203";"76";"40";;;"641";"202";"46";"45";"197";"71";"2";"34";"18";"2";"4";"6";"0";"1";"5";"0";"2";"1";"0";"5"
"220";"62502";"42.0";"1189";"578";"565";"173";"52";"43";"216";"38";"43";;;"568";"174";"43";"43";"201";"31";"4";"36";"16";"6";"0";"6";"2";"1";"1";"0";"2";"1";"0";"1"
"221";"62600";"42.0";"1498";"835";"826";"243";"89";"54";"300";"85";"55";;;"829";"207";"72";"60";"277";"82";"3";"60";"28";"6";"3";"7";"0";"5";"4";"1";"10";"2";"0";"2"
"222";"63101";"42.0";"953";"496";"489";"204";"30";"32";"142";"49";"32";;;"492";"167";"37";"41";"136";"43";"3";"35";"14";"5";"0";"4";"0";"2";"2";"0";"1";"1";"1";"0"
"223";"63102";"42.0";"940";"473";"463";"160";"32";"37";"147";"62";"25";;;"469";"138";"35";"39";"140";"57";"1";"24";"14";"10";"1";"8";"1";"0";"0";"0";"0";"1";"0";"0"
"224";"63200";"42.0";"979";"552";"546";"206";"34";"33";"163";"79";"31";;;"547";"177";"30";"38";"153";"82";"2";"33";"15";"5";"0";"7";"0";"0";"0";"0";"1";"2";"0";"2"
"225";"63301";"42.0";"1190";"652";"648";"236";"50";"42";"215";"62";"43";;;"648";"222";"43";"45";"194";"62";"0";"29";"24";"9";"1";"7";"0";"4";"1";"0";"2";"0";"1";"4"
"226";"63302";"42.0";"887";"550";"543";"209";"40";"28";"175";"49";"42";;;"547";"176";"32";"27";"167";"56";"2";"46";"15";"4";"3";"4";"0";"2";"3";"2";"4";"1";"0";"3"
"227";"63401";"42.0";"955";"477";"472";"172";"34";"26";"150";"52";"38";;;"472";"174";"27";"25";"144";"42";"1";"30";"11";"3";"1";"5";"1";"0";"1";"0";"3";"1";"0";"3"
"228";"63402";"42.0";"1069";"619";"613";"227";"30";"33";"203";"62";"58";;;"617";"211";"25";"33";"189";"52";"5";"47";"19";"14";"0";"4";"1";"4";"5";"0";"3";"1";"0";"4"
"229";"64100";"42.0";"1193";"575";"561";"173";"62";"35";"203";"46";"42";;;"565";"144";"56";"27";"186";"40";"1";"45";"31";"8";"4";"13";"0";"3";"0";"0";"2";"0";"0";"5"
"230";"64200";"42.0";"920";"442";"434";"102";"61";"22";"183";"37";"29";;;"434";"92";"59";"19";"160";"21";"8";"25";"17";"6";"6";"9";"1";"0";"2";"0";"3";"0";"1";"5"
"231";"64300";"42.0";"851";"391";"388";"116";"40";"23";"139";"43";"27";;;"389";"98";"34";"30";"130";"36";"5";"15";"21";"6";"4";"5";"0";"0";"0";"1";"2";"1";"0";"1"
"232";"64400";"42.0";"839";"436";"430";"137";"56";"35";"135";"42";"25";;;"432";"114";"50";"44";"129";"33";"6";"17";"14";"6";"2";"6";"0";"3";"3";"0";"2";"0";"0";"3"
"233";"64500";"42.0";"1286";"619";"609";"201";"64";"49";"197";"60";"38";;;"611";"170";"47";"59";"178";"53";"5";"42";"27";"5";"4";"10";"2";"1";"1";"0";"1";"0";"0";"6"
"234";"71100";"42.0";"946";"486";"477";"160";"50";"33";"157";"42";"35";;;"477";"151";"39";"34";"152";"28";"3";"27";"23";"5";"0";"5";"1";"1";"0";"1";"3";"2";"0";"2"
"235";"71200";"42.0";"1578";"581";"565";"133";"85";"33";"240";"35";"39";;;"566";"129";"78";"28";"213";"32";"7";"27";"18";"8";"2";"6";"1";"4";"1";"0";"3";"2";"0";"7"
"236";"71400";"42.0";"899";"380";"369";"90";"55";"29";"151";"27";"17";;;"373";"80";"49";"33";"139";"21";"3";"16";"11";"5";"0";"3";"0";"4";"1";"1";"0";"2";"0";"5"
"237";"71500";"42.0";"1041";"402";"392";"113";"49";"30";"170";"14";"16";;;"391";"102";"43";"33";"159";"9";"3";"17";"8";"8";"1";"3";"0";"0";"0";"2";"0";"1";"0";"2"
"238";"72100";"42.0";"1034";"386";"378";"98";"51";"29";"157";"26";"17";;;"377";"89";"39";"25";"144";"18";"11";"21";"9";"3";"2";"9";"1";"1";"1";"1";"0";"3";"0";"0"
"239";"72200";"42.0";"874";"275";"267";"53";"59";"14";"120";"8";"13";;;"271";"50";"50";"11";"107";"17";"10";"14";"6";"2";"0";"3";"0";"0";"0";"0";"0";"0";"0";"1"
"240";"72300";"42.0";"1310";"447";"435";"82";"77";"36";"196";"23";"21";;;"438";"71";"69";"28";"192";"18";"0";"17";"15";"10";"0";"6";"0";"0";"0";"3";"1";"3";"1";"4"
"241";"72500";"42.0";"1274";"538";"527";"135";"71";"34";"225";"26";"36";;;"531";"132";"60";"34";"214";"15";"11";"21";"12";"12";"3";"6";"0";"2";"2";"0";"0";"3";"0";"4"
"242";"72700";"42.0";"1767";"538";"520";"119";"91";"38";"214";"32";"26";;;"528";"115";"81";"41";"195";"25";"3";"21";"17";"9";"5";"4";"0";"2";"5";"1";"1";"0";"1";"2"
"243";"73101";"42.0";"1359";"668";"658";"200";"56";"42";"245";"58";"57";;;"661";"179";"44";"50";"208";"50";"8";"34";"59";"11";"0";"11";"0";"0";"3";"0";"1";"0";"1";"2"
"244";"73102";"42.0";"1457";"670";"662";"196";"81";"46";"235";"55";"49";;;"663";"170";"73";"39";"215";"53";"6";"26";"44";"5";"2";"11";"0";"5";"1";"0";"7";"1";"0";"5"
"245";"73200";"42.0";"1099";"580";"570";"206";"37";"27";"195";"57";"48";;;"574";"164";"33";"30";"170";"54";"5";"42";"49";"9";"1";"5";"1";"1";"3";"1";"2";"1";"0";"3"
"246";"73300";"42.0";"884";"416";"408";"144";"29";"24";"162";"22";"27";;;"413";"121";"25";"30";"153";"28";"1";"28";"13";"3";"0";"2";"0";"0";"3";"0";"1";"1";"0";"4"
"247";"74100";"43.0";"743";"371";"368";"106";"30";"19";"141";"35";"28";"9.0";;"369";"92";"24";"17";"127";"31";"5";"26";"27";"6";"2";"7";"0";"1";"1";"0";"0";"2";"0";"1"
"248";"74201";"43.0";"1184";"674";"665";"271";"47";"40";"225";"42";"31";"9.0";;"666";"241";"42";"43";"210";"39";"4";"47";"20";"6";"1";"10";"1";"1";"0";"0";"1";"0";"0";"0"
"249";"74202";"43.0";"852";"490";"487";"190";"33";"26";"142";"40";"40";"16.0";;"489";"174";"28";"32";"131";"40";"3";"41";"18";"5";"3";"10";"0";"0";"2";"0";"1";"0";"0";"1"
"250";"74301";"43.0";"1361";"718";"706";"261";"65";"44";"226";"47";"41";"22.0";;"706";"247";"53";"36";"219";"44";"2";"50";"23";"12";"3";"7";"1";"1";"1";"2";"0";"3";"0";"2"
"251";"74302";"43.0";"1314";"714";"711";"239";"64";"39";"232";"59";"56";"22.0";;"712";"216";"56";"35";"211";"68";"4";"57";"39";"6";"1";"7";"0";"0";"4";"0";"0";"0";"2";"6"
"252";"75100";"43.0";"1045";"526";"520";"169";"52";"53";"147";"51";"37";"11.0";;"520";"140";"60";"47";"134";"43";"0";"50";"23";"5";"3";"1";"1";"1";"4";"0";"3";"2";"0";"3"
"253";"75201";"43.0";"1008";"516";"511";"187";"52";"56";"120";"56";"28";"12.0";;"512";"187";"35";"43";"112";"67";"0";"39";"14";"3";"2";"4";"0";"1";"2";"0";"3";"0";"0";"0"
"254";"75202";"43.0";"1223";"545";"537";"191";"47";"54";"161";"35";"35";"14.0";;"537";"165";"38";"43";"152";"44";"1";"45";"19";"13";"2";"8";"0";"0";"2";"0";"1";"0";"1";"3"
"255";"75300";"43.0";"763";"219";"218";"29";"32";"30";"85";"20";"17";"5.0";;"219";"33";"30";"25";"83";"18";"5";"12";"7";"1";"1";"4";"0";"0";"0";"0";"0";"0";"0";"0"
"256";"75500";"43.0";"1038";"557";"553";"187";"45";"53";"148";"73";"37";"10.0";;"554";"171";"35";"39";"134";"86";"0";"45";"13";"11";"2";"9";"0";"3";"1";"0";"4";"0";"0";"1"
"257";"75600";"43.0";"1127";"546";"536";"161";"72";"56";"151";"52";"30";"14.0";;"541";"140";"63";"40";"140";"60";"1";"43";"25";"6";"4";"10";"1";"1";"0";"1";"4";"0";"0";"2"
"258";"75700";"43.0";"1199";"540";"530";"138";"52";"47";"195";"35";"33";"30.0";;"531";"128";"48";"37";"184";"40";"1";"37";"14";"8";"1";"23";"0";"1";"1";"2";"3";"1";"0";"2"
"259";"75800";"43.0";"1322";"651";"634";"194";"85";"76";"174";"51";"31";"23.0";;"634";"195";"69";"61";"152";"51";"1";"41";"21";"12";"1";"9";"1";"1";"3";"0";"5";"5";"3";"3"
"260";"75901";"43.0";"744";"370";"367";"136";"46";"24";"95";"28";"33";"5.0";;"369";"129";"37";"18";"90";"26";"0";"47";"11";"1";"0";"7";"0";"0";"1";"1";"0";"1";"0";"0"
"261";"75902";"43.0";"976";"453";"444";"157";"40";"52";"109";"56";"20";"10.0";;"447";"145";"35";"38";"94";"65";"1";"31";"13";"5";"3";"9";"0";"0";"1";"2";"1";"3";"0";"1"
"262";"75903";"43.0";"923";"442";"438";"155";"34";"50";"123";"45";"24";"7.0";;"441";"136";"34";"39";"113";"55";"1";"40";"9";"4";"0";"2";"1";"0";"1";"1";"3";"2";"0";"0"
"263";"76100";"45.0";"1321";"562";"555";"172";"78";"47";"73";"144";"20";"20.0";"1.0";"558";"151";"68";"50";"67";"135";"0";"29";"21";"3";"4";"18";"0";"0";"1";"1";"3";"4";"2";"1"
"264";"76200";"45.0";"1267";"577";"572";"162";"78";"33";"127";"119";"27";"15.0";"11.0";"574";"146";"68";"49";"117";"99";"0";"34";"23";"9";"8";"9";"0";"0";"2";"0";"5";"1";"0";"4"
"265";"76300";"45.0";"1096";"538";"532";"92";"118";"46";"84";"152";"24";"13.0";"3.0";"534";"89";"88";"62";"75";"139";"1";"28";"10";"8";"2";"16";"1";"0";"1";"1";"8";"1";"2";"2"
"266";"76400";"45.0";"541";"251";"248";"84";"40";"15";"47";"42";"15";"4.0";"1.0";"249";"83";"31";"24";"43";"37";"0";"14";"5";"4";"2";"3";"0";"0";"0";"1";"0";"0";"0";"2"
"267";"76500";"45.0";"1522";"611";"606";"166";"83";"40";"152";"100";"32";"27.0";"6.0";"609";"151";"73";"50";"135";"82";"4";"42";"19";"15";"5";"22";"0";"1";"0";"0";"4";"3";"1";"2"
"268";"76600";"45.0";"1139";"412";"401";"104";"81";"22";"128";"35";"19";"10.0";"2.0";"404";"101";"78";"22";"124";"28";"1";"18";"7";"4";"3";"8";"1";"0";"0";"2";"0";"3";"1";"3"
"269";"76700";"45.0";"905";"242";"237";"29";"42";"13";"107";"24";"10";"9.0";"3.0";"237";"18";"39";"17";"100";"29";"3";"7";"6";"4";"2";"5";"0";"2";"1";"0";"0";"2";"0";"2"
"270";"77100";"43.0";"1326";"557";"552";"145";"67";"43";"223";"33";"27";"14.0";;"555";"145";"50";"41";"197";"25";"8";"34";"22";"9";"4";"7";"1";"2";"1";"0";"2";"0";"0";"7"
"271";"77200";"43.0";"1644";"668";"657";"210";"93";"60";"188";"58";"30";"18.0";;"663";"210";"77";"57";"178";"48";"2";"35";"20";"7";"2";"10";"1";"1";"6";"0";"1";"3";"2";"3"
"272";"77300";"43.0";"1064";"383";"378";"78";"41";"33";"166";"35";"16";"9.0";;"381";"80";"40";"27";"150";"30";"5";"15";"11";"7";"1";"6";"1";"0";"0";"1";"3";"2";"0";"2"
"273";"81100";"43.0";"1059";"465";"460";"105";"81";"56";"134";"44";"23";"17.0";;"463";"105";"66";"59";"123";"47";"3";"29";"10";"4";"4";"4";"2";"1";"2";"0";"1";"1";"0";"2"
"274";"81200";"43.0";"1470";"600";"589";"167";"108";"67";"132";"65";"32";"18.0";;"589";"151";"91";"56";"123";"78";"0";"45";"12";"1";"4";"9";"1";"2";"3";"0";"1";"4";"1";"7"
"275";"81400";"43.0";"1410";"519";"509";"135";"78";"63";"118";"64";"23";"28.0";;"513";"119";"59";"39";"114";"83";"4";"40";"18";"5";"4";"18";"0";"1";"1";"0";"1";"4";"0";"3"
"276";"81500";"43.0";"1116";"512";"507";"119";"84";"63";"112";"85";"22";"22.0";;"511";"117";"64";"50";"97";"99";"1";"28";"18";"6";"3";"11";"1";"0";"4";"2";"1";"6";"1";"2"
"277";"81700";"43.0";"1696";"611";"602";"166";"79";"55";"103";"154";"30";"15.0";;"604";"136";"63";"58";"93";"164";"0";"35";"9";"5";"11";"17";"0";"0";"4";"0";"5";"3";"0";"1"
"278";"81800";"43.0";"1042";"409";"407";"114";"54";"62";"70";"71";"20";"16.0";;"406";"106";"37";"52";"63";"87";"2";"23";"14";"3";"3";"10";"0";"0";"0";"0";"2";"3";"1";"0"
"279";"81900";"43.0";"1091";"422";"414";"117";"56";"53";"71";"84";"22";"11.0";;"418";"113";"56";"43";"64";"87";"0";"25";"10";"4";"3";"9";"1";"0";"0";"0";"2";"0";"0";"1"
"280";"82100";"43.0";"636";"260";"257";"64";"61";"18";"50";"36";"11";"17.0";;"259";"47";"52";"14";"47";"44";"6";"16";"10";"7";"7";"5";"0";"0";"0";"0";"2";"1";"0";"1"
"281";"82200";"43.0";"1130";"462";"455";"128";"58";"37";"121";"69";"27";"15.0";;"457";"103";"48";"37";"114";"73";"3";"36";"14";"4";"4";"12";"0";"0";"0";"0";"2";"5";"2";"0"
"282";"82300";"43.0";"1074";"438";"432";"133";"57";"41";"68";"94";"25";"14.0";;"434";"116";"50";"43";"63";"100";"2";"33";"7";"5";"2";"9";"0";"0";"1";"0";"2";"1";"0";"0"
"283";"82400";"43.0";"1383";"614";"609";"152";"98";"73";"115";"106";"42";"23.0";;"610";"139";"69";"58";"108";"116";"1";"46";"10";"9";"0";"27";"1";"0";"2";"1";"5";"14";"1";"3"
"284";"82500";"43.0";"963";"246";"243";"40";"54";"15";"17";"89";"9";"19.0";;"245";"24";"44";"15";"16";"83";"0";"21";"4";"1";"7";"15";"0";"0";"1";"1";"3";"10";"0";"0"
"285";"83100";"43.0";"980";"449";"442";"116";"62";"63";"84";"76";"28";"13.0";;"448";"114";"50";"48";"82";"83";"1";"30";"11";"5";"4";"11";"0";"0";"0";"0";"2";"5";"0";"2"
"286";"83200";"43.0";"815";"355";"347";"80";"48";"39";"121";"31";"18";"10.0";;"352";"87";"38";"29";"117";"34";"3";"23";"6";"0";"1";"7";"0";"1";"0";"0";"1";"1";"1";"3"
"287";"83300";"43.0";"1177";"484";"477";"124";"63";"48";"160";"43";"23";"16.0";;"477";"117";"62";"29";"155";"48";"3";"30";"12";"1";"1";"12";"0";"0";"1";"1";"0";"1";"0";"4"
"288";"83400";"43.0";"1429";"667";"659";"201";"100";"66";"198";"54";"29";"11.0";;"660";"201";"82";"53";"189";"58";"0";"33";"13";"10";"3";"6";"0";"1";"4";"2";"0";"2";"1";"2"
"289";"83500";"43.0";"948";"412";"400";"85";"69";"33";"131";"42";"26";"14.0";;"408";"95";"63";"25";"118";"36";"7";"28";"9";"9";"0";"4";"1";"0";"2";"1";"2";"5";"0";"3"
"290";"83700";"43.0";"964";"429";"421";"136";"56";"42";"118";"40";"17";"12.0";;"421";"131";"51";"26";"108";"36";"4";"26";"13";"3";"1";"10";"2";"0";"1";"0";"1";"4";"0";"4"
"291";"83800";"43.0";"1102";"476";"467";"158";"66";"38";"114";"59";"23";"9.0";;"471";"137";"57";"33";"109";"72";"0";"29";"9";"1";"0";"11";"4";"0";"2";"0";"0";"3";"1";"3"
"292";"84100";"43.0";"1212";"578";"575";"177";"76";"80";"165";"39";"28";"10.0";;"576";"185";"72";"47";"161";"44";"1";"33";"12";"7";"1";"5";"0";"2";"1";"0";"0";"2";"0";"3"
"293";"84200";"43.0";"1013";"481";"473";"131";"67";"48";"150";"38";"27";"12.0";;"476";"128";"51";"41";"135";"39";"4";"37";"11";"6";"3";"9";"0";"0";"3";"2";"0";"4";"0";"3"
"294";"84300";"43.0";"1123";"551";"546";"154";"54";"56";"190";"43";"27";"22.0";;"550";"148";"47";"45";"177";"39";"3";"35";"18";"10";"1";"15";"1";"1";"2";"0";"2";"3";"2";"1"
"295";"84400";"43.0";"562";"316";"313";"112";"24";"26";"91";"28";"26";"6.0";;"314";"106";"16";"16";"79";"36";"2";"31";"13";"7";"0";"3";"0";"0";"1";"0";"2";"1";"0";"1"
"296";"84501";"43.0";"1292";"685";"677";"259";"63";"62";"190";"61";"30";"12.0";;"682";"240";"47";"41";"170";"79";"1";"51";"14";"8";"5";"5";"1";"5";"1";"0";"8";"2";"1";"3"
"297";"84502";"43.0";"1038";"459";"457";"149";"36";"44";"147";"51";"19";"11.0";;"457";"143";"41";"30";"126";"55";"1";"28";"14";"5";"0";"5";"1";"1";"1";"0";"5";"0";"0";"1"
"298";"85100";"43.0";"1364";"571";"567";"182";"66";"60";"167";"46";"28";"18.0";;"567";"169";"55";"39";"154";"59";"2";"34";"22";"14";"0";"11";"1";"0";"3";"1";"2";"1";"0";"0"
"299";"85200";"43.0";"1397";"645";"640";"248";"57";"63";"155";"69";"31";"17.0";;"642";"199";"48";"58";"141";"85";"5";"61";"21";"4";"2";"5";"1";"0";"3";"0";"3";"2";"2";"2"
"300";"85301";"43.0";"861";"447";"438";"128";"38";"35";"155";"56";"21";"5.0";;"441";"108";"39";"22";"137";"65";"5";"27";"13";"5";"1";"7";"0";"1";"4";"0";"1";"2";"3";"1"
"301";"85302";"43.0";"892";"451";"449";"147";"46";"28";"153";"43";"22";"10.0";;"449";"133";"37";"24";"145";"41";"2";"40";"11";"2";"1";"5";"1";"0";"0";"1";"1";"3";"1";"1"
"302";"86100";"43.0";"1387";"649";"646";"191";"100";"105";"98";"114";"26";"12.0";;"644";"187";"63";"70";"96";"144";"1";"36";"12";"7";"2";"17";"0";"1";"1";"0";"5";"2";"0";"0"
"303";"86200";"43.0";"1116";"528";"524";"174";"78";"58";"95";"92";"18";"9.0";;"526";"157";"54";"55";"90";"106";"1";"29";"18";"1";"2";"11";"0";"0";"0";"0";"1";"0";"0";"1"
"304";"86300";"43.0";"1238";"550";"544";"136";"96";"76";"102";"90";"30";"14.0";;"544";"114";"78";"59";"98";"114";"0";"35";"17";"7";"0";"10";"0";"3";"2";"0";"2";"4";"0";"1"
"305";"86400";"43.0";"937";"466";"466";"146";"76";"58";"69";"86";"20";"11.0";;"466";"120";"54";"59";"63";"105";"2";"28";"17";"2";"1";"8";"0";"0";"1";"0";"2";"4";"0";"0"
"306";"86500";"43.0";"1222";"567";"559";"143";"59";"100";"75";"138";"24";"20.0";;"561";"131";"61";"67";"70";"142";"3";"28";"19";"6";"1";"19";"0";"0";"1";"0";"3";"7";"1";"2"
"307";"86600";"43.0";"1109";"543";"540";"179";"62";"67";"82";"114";"19";"17.0";;"542";"152";"42";"64";"77";"121";"1";"42";"9";"8";"5";"16";"0";"0";"0";"0";"0";"2";"1";"2"
"308";"86700";"43.0";"703";"384";"382";"142";"39";"51";"54";"71";"18";"7.0";;"383";"131";"30";"49";"54";"78";"1";"24";"7";"2";"0";"6";"0";"0";"0";"0";"0";"1";"0";"0"
"309";"86800";"43.0";"1123";"509";"505";"170";"47";"82";"93";"72";"31";"10.0";;"506";"166";"39";"54";"91";"87";"0";"39";"10";"1";"1";"8";"0";"1";"1";"1";"3";"1";"0";"3"
"310";"90110";"46.0";"1557";"736";"721";"255";"52";"43";"283";"54";"34";;;"724";"212";"53";"42";"266";"59";"5";"37";"21";"8";"3";"3";"0";"0";"1";"1";"5";"1";"1";"6"
"311";"90210";"46.0";"1193";"544";"541";"220";"23";"40";"180";"44";"34";;;"543";"164";"18";"36";"181";"48";"1";"49";"20";"9";"2";"6";"0";"0";"5";"0";"0";"1";"0";"3"
"312";"90311";"46.0";"671";"383";"378";"141";"28";"19";"128";"46";"16";;;"381";"114";"24";"29";"122";"49";"0";"22";"12";"2";"0";"4";"0";"0";"1";"0";"0";"0";"0";"2"
"313";"90312";"46.0";"972";"498";"490";"176";"41";"32";"185";"28";"28";;;"493";"151";"34";"29";"173";"34";"1";"30";"18";"7";"1";"6";"4";"0";"2";"1";"0";"0";"0";"2"
"314";"90410";"46.0";"347";"209";"208";"91";"16";"11";"53";"19";"18";;;"209";"68";"17";"15";"51";"20";"1";"14";"12";"4";"0";"4";"0";"0";"1";"0";"0";"1";"0";"1"
"315";"90510";"46.0";"339";"195";"193";"73";"8";"11";"75";"20";"6";;;"193";"60";"4";"13";"65";"27";"0";"7";"10";"3";"0";"1";"0";"0";"1";"0";"1";"0";"0";"1"
"316";"90610";"46.0";"767";"431";"420";"167";"29";"24";"146";"31";"23";;;"421";"134";"22";"21";"134";"35";"1";"30";"19";"8";"5";"3";"0";"1";"0";"0";"2";"2";"0";"4"
"317";"90710";"46.0";"403";"251";"248";"86";"24";"7";"97";"17";"17";;;"249";"68";"16";"12";"95";"21";"1";"17";"9";"2";"0";"2";"0";"1";"0";"0";"3";"1";"0";"1"
"318";"91101";"47.0";"1043";"525";"521";"133";"60";"32";"170";"67";"34";"25.0";"0.0";"523";"125";"51";"38";"152";"65";"6";"29";"19";"8";"3";"17";"0";"2";"1";"0";"2";"0";"0";"5"
"319";"91102";"47.0";"1008";"446";"443";"101";"56";"37";"137";"57";"33";"19.0";"3.0";"445";"91";"51";"35";"133";"57";"1";"26";"15";"4";"0";"17";"1";"3";"0";"0";"4";"4";"1";"2"
"320";"91200";"47.0";"1668";"738";"729";"186";"70";"55";"235";"122";"39";"16.0";"6.0";"734";"181";"60";"54";"219";"100";"5";"48";"23";"14";"7";"11";"1";"3";"1";"1";"2";"0";"0";"4"
"321";"91300";"47.0";"1528";"587";"575";"136";"81";"48";"164";"74";"34";"30.0";"8.0";"580";"120";"66";"44";"155";"74";"2";"33";"43";"12";"1";"20";"1";"2";"1";"0";"2";"2";"0";"2"
"322";"91400";"47.0";"972";"428";"423";"126";"70";"25";"130";"33";"21";"13.0";"5.0";"422";"118";"55";"20";"115";"30";"0";"30";"23";"7";"3";"14";"0";"0";"2";"0";"1";"1";"1";"2"
"323";"91501";"47.0";"1354";"576";"569";"158";"69";"34";"163";"86";"29";"24.0";"6.0";"574";"137";"63";"39";"155";"79";"0";"33";"20";"13";"4";"16";"0";"2";"3";"1";"1";"3";"1";"4"
"324";"91502";"47.0";"1310";"502";"497";"113";"51";"34";"138";"98";"32";"30.0";"1.0";"499";"92";"60";"40";"128";"86";"4";"31";"20";"5";"3";"14";"0";"3";"4";"1";"2";"4";"0";"2"
"325";"92100";"46.0";"1993";"647";"641";"138";"118";"72";"110";"174";"29";;;"644";"111";"97";"49";"104";"170";"0";"21";"13";"12";"9";"33";"0";"1";"1";"0";"8";"11";"2";"2"
"326";"92200";"46.0";"1671";"581";"574";"130";"77";"63";"129";"138";"37";;;"579";"117";"59";"52";"123";"117";"1";"34";"17";"7";"6";"31";"1";"0";"0";"1";"4";"6";"0";"3"
"327";"92300";"46.0";"1546";"577";"573";"144";"105";"52";"109";"134";"29";;;"576";"129";"74";"44";"94";"122";"5";"33";"26";"5";"5";"25";"0";"0";"2";"0";"4";"6";"1";"1"
"328";"92400";"46.0";"859";"405";"400";"87";"64";"46";"102";"72";"29";;;"402";"78";"47";"30";"86";"78";"4";"18";"15";"7";"5";"19";"0";"1";"0";"0";"2";"9";"0";"3"
"329";"92500";"46.0";"1290";"556";"552";"143";"89";"60";"112";"119";"29";;;"552";"115";"70";"55";"93";"116";"3";"29";"18";"10";"8";"16";"0";"2";"2";"2";"2";"7";"1";"3"
"330";"93101";"46.0";"1274";"549";"543";"174";"62";"48";"98";"136";"25";;;"544";"118";"58";"51";"88";"136";"3";"22";"21";"14";"2";"20";"1";"1";"1";"0";"0";"5";"0";"3"
"331";"93102";"46.0";"1169";"513";"510";"114";"71";"63";"99";"130";"33";;;"511";"90";"58";"42";"94";"132";"0";"22";"20";"7";"11";"16";"1";"0";"2";"3";"3";"6";"0";"4"
"332";"93200";"46.0";"1626";"665";"659";"172";"102";"69";"114";"158";"44";;;"662";"138";"80";"59";"108";"158";"2";"33";"20";"8";"7";"25";"2";"0";"2";"2";"7";"3";"4";"4"
"333";"93300";"46.0";"1003";"414";"410";"89";"62";"47";"72";"120";"20";;;"414";"86";"40";"32";"64";"109";"0";"20";"14";"5";"7";"20";"0";"2";"2";"1";"5";"6";"0";"1"
"334";"93400";"46.0";"938";"502";"491";"138";"64";"40";"121";"90";"38";;;"495";"117";"51";"45";"112";"85";"3";"29";"15";"12";"5";"13";"0";"0";"1";"1";"2";"0";"0";"4"
"335";"93500";"46.0";"1345";"585";"583";"135";"100";"63";"133";"115";"37";;;"582";"100";"79";"55";"122";"110";"5";"29";"19";"7";"3";"32";"1";"1";"1";"0";"3";"8";"1";"6"
"336";"93600";"46.0";"1650";"632";"624";"172";"92";"76";"100";"146";"38";;;"629";"154";"82";"54";"96";"156";"2";"25";"17";"4";"5";"17";"0";"0";"3";"1";"4";"4";"0";"5"
"337";"94101";"46.0";"924";"380";"375";"99";"53";"41";"104";"55";"23";;;"378";"75";"49";"39";"99";"52";"3";"19";"13";"4";"7";"8";"0";"2";"2";"0";"4";"1";"0";"1"
"338";"94102";"46.0";"964";"412";"405";"122";"46";"42";"135";"37";"23";;;"409";"107";"29";"41";"128";"43";"1";"31";"9";"6";"1";"11";"0";"1";"1";"0";"0";"0";"0";"0"
"339";"94200";"46.0";"1309";"621";"616";"193";"71";"57";"185";"82";"28";;;"617";"193";"71";"57";"185";"82";"0";"28";"1";"0";"0";"0";"0";"0";"0";"0";"0";"0";"0";"0"
"340";"94400";"46.0";"1063";"511";"508";"186";"45";"33";"161";"55";"28";;;"509";"153";"37";"34";"152";"54";"1";"32";"23";"5";"1";"10";"0";"2";"1";"0";"1";"2";"0";"1"
"341";"94501";"46.0";"984";"487";"482";"198";"53";"46";"110";"51";"24";;;"485";"154";"45";"41";"107";"63";"0";"34";"17";"6";"2";"7";"0";"1";"1";"0";"2";"1";"2";"2"
"342";"94502";"46.0";"888";"453";"450";"218";"28";"32";"103";"45";"24";;;"452";"167";"29";"37";"93";"62";"1";"31";"22";"5";"1";"3";"0";"0";"0";"0";"0";"0";"0";"1"
"343";"94600";"46.0";"1466";"721";"712";"196";"81";"57";"242";"86";"50";;;"716";"173";"64";"53";"224";"87";"3";"42";"23";"11";"4";"12";"1";"6";"3";"0";"4";"3";"1";"2"
"344";"95100";"46.0";"1492";"492";"477";"90";"81";"40";"215";"29";"22";;;"475";"82";"68";"36";"197";"28";"9";"19";"10";"12";"1";"6";"0";"1";"2";"0";"0";"2";"0";"2"
"345";"95200";"46.0";"977";"289";"285";"51";"39";"24";"143";"14";"14";;;"286";"54";"31";"18";"128";"15";"5";"9";"8";"5";"1";"5";"2";"3";"1";"0";"0";"0";"1";"0"
"346";"95400";"46.0";"854";"285";"277";"74";"38";"27";"105";"22";"11";;;"281";"70";"33";"25";"101";"20";"1";"12";"3";"4";"0";"2";"1";"5";"1";"0";"1";"1";"0";"1"
"347";"95500";"46.0";"1354";"492";"481";"124";"52";"44";"198";"32";"31";;;"486";"116";"44";"37";"179";"27";"1";"26";"30";"8";"4";"8";"0";"0";"3";"1";"0";"2";"0";"0"
"348";"95600";"46.0";"1100";"423";"412";"78";"48";"31";"219";"19";"17";;;"412";"73";"41";"24";"189";"22";"10";"18";"18";"4";"1";"5";"0";"3";"1";"0";"1";"1";"0";"1"
"349";"96100";"46.0";"1413";"533";"518";"123";"84";"42";"196";"41";"32";;;"522";"114";"81";"34";"181";"37";"1";"27";"20";"8";"7";"7";"0";"2";"0";"0";"2";"1";"0";"0"
"350";"96300";"46.0";"1773";"593";"576";"136";"82";"55";"225";"33";"45";;;"581";"139";"73";"39";"222";"25";"1";"33";"13";"9";"4";"10";"1";"3";"0";"1";"3";"1";"0";"4"
"351";"96600";"46.0";"1656";"548";"538";"119";"60";"47";"245";"40";"27";;;"538";"105";"50";"35";"223";"37";"6";"27";"20";"5";"7";"8";"0";"4";"2";"0";"2";"2";"1";"4"
"352";"97100";"46.0";"1465";"594";"573";"147";"82";"46";"222";"49";"27";;;"583";"127";"68";"40";"211";"41";"6";"28";"23";"9";"1";"14";"1";"3";"3";"3";"2";"2";"0";"1"
"353";"97300";"46.0";"1583";"612";"598";"144";"96";"50";"236";"40";"32";;;"603";"124";"73";"37";"216";"36";"8";"20";"27";"12";"6";"23";"1";"3";"0";"1";"2";"9";"1";"4"
"354";"97600";"46.0";"1380";"529";"520";"132";"79";"32";"220";"29";"28";;;"527";"127";"71";"32";"201";"28";"5";"24";"13";"3";"1";"5";"0";"4";"3";"1";"1";"3";"2";"3"
"355";"98100";"46.0";"1422";"666";"657";"231";"47";"36";"236";"61";"46";;;"658";"193";"38";"35";"222";"56";"8";"41";"23";"12";"6";"11";"0";"1";"2";"0";"1";"3";"1";"5"
"356";"98200";"46.0";"1441";"729";"723";"264";"66";"50";"241";"64";"38";;;"726";"204";"55";"46";"242";"86";"1";"40";"16";"12";"2";"11";"0";"2";"5";"0";"2";"0";"0";"2"
"357";"98300";"46.0";"1354";"674";"663";"242";"44";"47";"238";"47";"45";;;"669";"210";"36";"39";"229";"48";"1";"50";"18";"13";"3";"7";"0";"4";"2";"1";"1";"1";"1";"5"
"358";"98401";"46.0";"1057";"468";"465";"142";"63";"37";"144";"49";"30";;;"466";"132";"47";"39";"134";"51";"4";"21";"14";"5";"1";"10";"1";"2";"0";"0";"2";"0";"0";"3"
"359";"98402";"46.0";"966";"396";"389";"110";"40";"21";"147";"43";"28";;;"391";"91";"32";"13";"134";"37";"5";"29";"22";"6";"5";"9";"0";"2";"1";"0";"1";"1";"2";"1"
"360";"98500";"46.0";"1499";"735";"731";"277";"63";"59";"219";"81";"32";;;"733";"221";"47";"60";"207";"93";"4";"46";"21";"12";"3";"9";"0";"2";"3";"1";"1";"2";"0";"1"
"361";"98600";"46.0";"1267";"607";"601";"218";"55";"46";"203";"58";"21";;;"602";"172";"41";"57";"189";"62";"3";"24";"29";"8";"2";"8";"0";"1";"1";"0";"3";"0";"0";"2"
"362";"99110";"46.0";"1504";"775";"767";"327";"49";"24";"259";"52";"56";;;"770";"260";"44";"26";"244";"60";"0";"63";"45";"8";"6";"7";"0";"3";"2";"0";"0";"1";"0";"1"
"363";"99310";"46.0";"1130";"641";"635";"241";"55";"35";"232";"30";"42";;;"639";"204";"46";"33";"229";"31";"0";"56";"32";"1";"1";"2";"0";"0";"1";"0";"3";"0";"0";"0"
"364";"99810";"46.0";"909";"563";"554";"232";"44";"37";"170";"22";"49";;;"556";"209";"45";"45";"159";"22";"0";"39";"19";"4";"1";"5";"1";"0";"1";"1";"3";"1";"0";"1"
"365";"1000";"45.0";"0";"462";"459";"98";"96";"20";"60";"145";"25";"13.0";"2.0";"459";"96";"80";"44";"58";"128";"0";"28";"6";"2";"1";"10";"1";"1";"0";"0";"0";"0";"0";"4"
"366";"2001";"45.0";"0";"785";"777";"204";"157";"61";"119";"151";"51";"30.0";"4.0";"782";"219";"125";"84";"109";"126";"31";"29";"23";"10";"6";"6";"1";"0";"1";"1";"9";"2";"0";"0"
"367";"2002";"45.0";"0";"480";"476";"113";"94";"48";"59";"106";"30";"24.0";"2.0";"480";"123";"75";"50";"60";"90";"1";"25";"16";"7";"4";"19";"0";"0";"1";"0";"2";"5";"0";"2"
"368";"3001";"45.0";"0";"617";"616";"147";"105";"44";"91";"172";"32";"20.0";"5.0";"616";"156";"82";"69";"82";"125";"2";"41";"8";"7";"5";"23";"0";"1";"1";"1";"5";"3";"0";"5"
"369";"3002";"45.0";"0";"963";"953";"275";"159";"85";"150";"197";"55";"26.0";"6.0";"961";"298";"128";"102";"142";"146";"1";"53";"31";"13";"7";"15";"1";"0";"3";"3";"2";"9";"1";"6"
"370";"4001";"47.0";"0";"1252";"1230";"403";"211";"96";"169";"252";"70";"26.0";"3.0";"1246";"377";"184";"111";"165";"239";"2";"86";"26";"7";"3";"22";"0";"0";"4";"2";"6";"5";"1";"6"
"371";"4002";"47.0";"0";"783";"775";"209";"150";"89";"152";"95";"51";"26.0";"3.0";"778";"197";"138";"89";"146";"91";"1";"53";"15";"4";"6";"19";"2";"0";"3";"0";"4";"5";"1";"4"
"372";"5001";"47.0";"0";"885";"883";"156";"145";"80";"84";"304";"43";"62.0";"9.0";"881";"146";"133";"77";"76";"276";"3";"41";"20";"15";"13";"47";"2";"0";"5";"0";"12";"7";"2";"6"
"373";"5002";"47.0";"0";"781";"779";"194";"116";"64";"66";"233";"50";"53.0";"3.0";"779";"162";"125";"69";"65";"211";"0";"48";"14";"12";"10";"39";"0";"0";"3";"2";"2";"10";"2";"5"
"374";"6001";"45.0";"0";"516";"512";"131";"124";"41";"89";"91";"18";"14.0";"4.0";"515";"149";"101";"53";"75";"78";"1";"18";"10";"7";"6";"9";"0";"0";"1";"1";"1";"1";"1";"3"
"375";"6002";"45.0";"0";"972";"970";"191";"163";"74";"101";"372";"31";"34.0";"4.0";"972";"205";"153";"98";"96";"310";"3";"35";"19";"6";"6";"25";"2";"0";"2";"1";"5";"5";"0";"1"
"376";"6003";"45.0";"0";"888";"876";"215";"128";"69";"104";"263";"54";"39.0";"4.0";"884";"236";"115";"86";"95";"227";"3";"57";"15";"7";"4";"23";"4";"0";"1";"1";"4";"3";"0";"3"
"377";"7001";"45.0";"0";"995";"985";"304";"155";"97";"170";"160";"65";"28.0";"6.0";"989";"355";"116";"93";"150";"126";"3";"54";"43";"11";"2";"17";"2";"0";"1";"5";"3";"4";"1";"3"
"378";"7002";"45.0";"0";"780";"772";"213";"156";"67";"175";"95";"45";"17.0";"4.0";"776";"242";"132";"71";"157";"80";"0";"50";"18";"6";"1";"11";"2";"1";"0";"2";"2";"0";"0";"1"
"379";"7003";"45.0";"0";"902";"899";"232";"195";"71";"180";"143";"47";"24.0";"7.0";"901";"254";"151";"98";"148";"120";"2";"49";"25";"14";"5";"14";"2";"0";"7";"3";"0";"3";"0";"6"
"380";"11001";"41.0";"0";"1103";"1101";"116";"264";"103";"33";"485";"27";"73.0";;"1103";"110";"243";"78";"32";"493";"1";"34";"14";"2";"14";"64";"0";"0";"2";"1";"9";"4";"0";"2"
"381";"11002";"41.0";"0";"962";"957";"92";"210";"104";"39";"443";"28";"41.0";;"959";"106";"169";"99";"33";"442";"0";"33";"6";"7";"8";"36";"2";"0";"4";"0";"8";"5";"1";"0"
"382";"11003";"41.0";"0";"1151";"1149";"86";"254";"137";"45";"554";"21";"52.0";;"1150";"86";"232";"117";"42";"555";"0";"21";"13";"7";"9";"43";"0";"1";"3";"4";"8";"8";"1";"0"
"383";"11004";"41.0";"0";"1210";"1203";"95";"275";"113";"42";"605";"19";"54.0";;"1206";"105";"231";"118";"39";"599";"0";"17";"9";"9";"13";"40";"1";"0";"2";"1";"10";"10";"0";"2"
"384";"11005";"41.0";"0";"1074";"1067";"132";"232";"108";"37";"480";"26";"52.0";;"1067";"144";"214";"79";"32";"484";"0";"32";"8";"10";"7";"46";"2";"0";"1";"1";"3";"3";"0";"1"
"385";"12001";"41.0";"0";"1192";"1182";"269";"151";"130";"93";"449";"50";"40.0";;"1192";"279";"139";"125";"93";"427";"0";"56";"20";"4";"12";"26";"1";"1";"3";"1";"2";"2";"0";"1"
"386";"12002";"41.0";"0";"836";"828";"218";"158";"84";"98";"203";"42";"25.0";;"832";"226";"136";"59";"87";"207";"1";"46";"12";"14";"4";"21";"0";"1";"3";"0";"3";"4";"1";"7"
"387";"13001";"45.0";"0";"920";"917";"235";"182";"85";"108";"231";"48";"23.0";"5.0";"918";"276";"151";"105";"101";"182";"0";"42";"16";"7";"2";"26";"1";"0";"2";"1";"3";"3";"0";"0"
"388";"13002";"45.0";"0";"1300";"1295";"251";"201";"112";"94";"531";"52";"52.0";"2.0";"1297";"281";"183";"128";"90";"454";"0";"51";"16";"12";"13";"41";"0";"0";"2";"1";"7";"15";"1";"2"
"389";"14001";"45.0";"0";"1056";"1052";"82";"279";"49";"48";"485";"25";"81.0";"3.0";"1055";"106";"265";"57";"37";"445";"0";"23";"15";"15";"9";"64";"0";"0";"0";"0";"10";"6";"1";"2"
"390";"14002";"45.0";"0";"1199";"1195";"70";"320";"70";"36";"604";"26";"66.0";"3.0";"1197";"91";"285";"107";"34";"545";"0";"20";"8";"9";"14";"67";"2";"0";"2";"0";"6";"5";"0";"2"
"391";"14003";"45.0";"0";"1194";"1189";"159";"227";"81";"119";"504";"38";"57.0";"4.0";"1190";"183";"210";"108";"94";"444";"4";"49";"22";"6";"8";"40";"1";"0";"0";"1";"8";"4";"5";"3"
"392";"15000";"41.0";"0";"717";"709";"152";"94";"67";"111";"212";"44";"29.0";;"713";"162";"93";"68";"101";"192";"1";"43";"12";"11";"6";"13";"4";"0";"2";"0";"0";"1";"1";"3"
"393";"21001";"47.0";"0";"1053";"1049";"162";"231";"66";"100";"370";"40";"76.0";"4.0";"1050";"161";"207";"90";"92";"330";"2";"34";"26";"19";"14";"46";"2";"0";"3";"2";"6";"3";"5";"8"
"394";"21002";"47.0";"0";"675";"673";"120";"117";"54";"72";"230";"27";"46.0";"7.0";"675";"127";"116";"62";"68";"187";"1";"23";"18";"17";"9";"29";"0";"1";"2";"0";"6";"6";"0";"3"
"395";"21003";"47.0";"0";"756";"752";"126";"160";"53";"80";"257";"23";"49.0";"4.0";"753";"114";"139";"58";"72";"245";"2";"31";"24";"14";"10";"34";"0";"0";"1";"1";"3";"2";"0";"3"
"396";"22001";"47.0";"0";"793";"786";"169";"97";"65";"154";"183";"58";"55.0";"5.0";"789";"169";"85";"76";"149";"156";"2";"47";"35";"12";"11";"30";"2";"0";"3";"0";"3";"4";"0";"5"
"397";"22002";"47.0";"0";"637";"629";"195";"89";"51";"122";"89";"44";"38.0";"1.0";"633";"180";"79";"57";"111";"81";"2";"41";"32";"16";"5";"16";"0";"0";"3";"1";"3";"0";"2";"4"
"398";"22003";"47.0";"0";"911";"902";"269";"124";"85";"167";"152";"57";"40.0";"8.0";"908";"271";"108";"79";"156";"133";"4";"44";"39";"15";"4";"30";"3";"0";"2";"1";"8";"5";"0";"6"
"399";"23000";"47.0";"0";"826";"815";"300";"79";"56";"171";"110";"63";"31.0";"5.0";"819";"297";"73";"53";"156";"102";"0";"60";"27";"21";"2";"12";"1";"1";"4";"1";"5";"0";"1";"3"
"400";"24001";"47.0";"0";"1031";"1023";"291";"142";"90";"178";"235";"54";"27.0";"6.0";"1028";"253";"131";"115";"171";"203";"1";"69";"38";"14";"3";"13";"1";"0";"2";"0";"4";"3";"1";"6"
"401";"24002";"47.0";"0";"957";"952";"272";"142";"94";"167";"167";"86";"19.0";"5.0";"956";"252";"123";"106";"168";"151";"1";"67";"42";"15";"1";"13";"1";"1";"3";"1";"5";"3";"0";"3"
"402";"25001";"47.0";"0";"974";"966";"225";"174";"91";"146";"229";"40";"55.0";"6.0";"971";"240";"151";"94";"131";"210";"3";"41";"23";"17";"6";"32";"1";"0";"6";"0";"5";"5";"1";"5"
"403";"25002";"47.0";"0";"853";"850";"188";"154";"69";"133";"190";"65";"43.0";"8.0";"850";"171";"137";"77";"123";"172";"6";"57";"34";"23";"6";"26";"3";"0";"3";"0";"2";"5";"1";"4"
"404";"25003";"47.0";"0";"648";"644";"211";"108";"59";"80";"125";"35";"19.0";"7.0";"647";"209";"109";"52";"71";"123";"1";"32";"13";"6";"1";"11";"3";"0";"3";"1";"4";"2";"3";"3"
"405";"31001";"41.0";"0";"1036";"1031";"341";"135";"77";"230";"141";"80";"27.0";;"1034";"299";"112";"81";"213";"134";"0";"119";"26";"10";"3";"16";"1";"0";"6";"1";"2";"3";"1";"7"
"406";"31002";"41.0";"0";"1099";"1089";"394";"99";"99";"185";"175";"115";"22.0";;"1097";"359";"79";"91";"185";"165";"2";"158";"21";"10";"4";"12";"0";"0";"2";"0";"3";"2";"0";"4"
"407";"31003";"41.0";"0";"860";"852";"291";"94";"72";"182";"108";"82";"23.0";;"858";"265";"76";"66";"165";"107";"2";"117";"15";"10";"3";"12";"1";"2";"2";"3";"4";"2";"2";"4"
"408";"32001";"41.0";"0";"557";"554";"212";"39";"54";"135";"46";"58";"10.0";;"557";"206";"42";"52";"135";"37";"3";"52";"14";"9";"0";"4";"0";"0";"0";"1";"2";"0";"0";"0"
"409";"32002";"41.0";"0";"894";"887";"338";"95";"64";"145";"160";"61";"24.0";;"893";"314";"76";"87";"123";"136";"1";"86";"26";"12";"3";"14";"0";"1";"2";"0";"4";"5";"0";"3"
"410";"35010";"41.0";"0";"1118";"1111";"457";"105";"76";"232";"108";"117";"16.0";;"1116";"391";"87";"80";"223";"106";"2";"167";"24";"5";"1";"12";"0";"1";"2";"0";"3";"3";"1";"8"
"411";"36010";"41.0";"0";"854";"849";"363";"70";"50";"136";"155";"64";"11.0";;"851";"247";"58";"68";"137";"141";"2";"159";"16";"6";"1";"7";"0";"0";"1";"2";"4";"1";"0";"1"
"412";"41001";"42.0";"0";"824";"812";"303";"62";"66";"106";"210";"65";;;"820";"306";"58";"86";"100";"168";"0";"56";"18";"3";"3";"9";"0";"0";"2";"0";"3";"1";"4";"3"
"413";"41002";"42.0";"0";"773";"768";"288";"76";"53";"129";"150";"72";;;"772";"299";"72";"53";"113";"138";"1";"54";"22";"6";"1";"7";"0";"1";"2";"0";"1";"1";"0";"1"
"414";"42001";"42.0";"0";"966";"953";"334";"78";"76";"111";"271";"83";;;"965";"299";"73";"95";"102";"244";"0";"83";"18";"12";"4";"17";"0";"0";"7";"1";"4";"2";"1";"3"
"415";"42002";"42.0";"0";"708";"704";"253";"72";"69";"105";"147";"58";;;"707";"255";"62";"61";"95";"128";"1";"52";"18";"13";"3";"10";"1";"0";"2";"0";"4";"0";"0";"2"
"416";"42003";"42.0";"0";"992";"983";"344";"105";"92";"141";"209";"92";;;"983";"361";"87";"91";"128";"178";"0";"83";"22";"11";"0";"8";"0";"0";"2";"1";"2";"3";"0";"6"
"417";"43000";"42.0";"0";"830";"819";"245";"95";"81";"161";"184";"53";;;"828";"255";"58";"86";"149";"168";"3";"34";"30";"8";"5";"13";"1";"0";"5";"0";"4";"3";"1";"5"
"418";"45010";"41.0";"0";"928";"919";"378";"79";"52";"224";"106";"60";"20.0";;"926";"361";"71";"64";"198";"101";"5";"75";"22";"9";"0";"9";"2";"1";"0";"1";"4";"1";"1";"1"
"419";"46010";"41.0";"0";"819";"816";"330";"68";"52";"161";"137";"54";"14.0";;"819";"300";"49";"52";"151";"134";"3";"66";"31";"7";"3";"11";"1";"0";"4";"0";"2";"2";"1";"2"
"420";"47010";"41.0";"0";"662";"654";"262";"44";"39";"163";"80";"53";"13.0";;"661";"227";"46";"36";"159";"80";"2";"56";"25";"10";"3";"3";"0";"2";"3";"1";"2";"1";"0";"5"
"421";"51001";"44.0";"0";"1024";"1021";"388";"103";"104";"134";"223";"62";;"7.0";"1024";"374";"88";"94";"127";"213";"1";"73";"23";"3";"1";"12";"0";"0";"4";"0";"4";"2";"3";"2"
"422";"51002";"44.0";"0";"744";"732";"257";"67";"82";"100";"174";"46";;"6.0";"742";"263";"49";"68";"91";"152";"0";"55";"16";"12";"4";"15";"4";"0";"4";"0";"3";"2";"1";"3"
"423";"51003";"44.0";"0";"818";"813";"232";"113";"78";"111";"233";"42";;"4.0";"817";"242";"86";"80";"97";"219";"0";"36";"21";"6";"1";"20";"0";"1";"1";"0";"2";"2";"0";"3"
"424";"52001";"44.0";"0";"1051";"1044";"331";"109";"106";"86";"375";"32";;"5.0";"1050";"318";"70";"94";"75";"373";"0";"47";"27";"3";"1";"22";"2";"0";"0";"1";"12";"2";"1";"2"
"425";"52002";"44.0";"0";"959";"948";"292";"125";"93";"82";"306";"41";;"9.0";"954";"288";"96";"104";"78";"277";"0";"41";"18";"9";"3";"22";"1";"0";"2";"0";"9";"5";"0";"1"
"426";"52003";"44.0";"0";"943";"934";"299";"119";"102";"109";"240";"59";;"6.0";"940";"281";"95";"95";"102";"224";"0";"67";"30";"5";"1";"21";"2";"0";"1";"1";"9";"3";"0";"3"
"427";"52004";"44.0";"0";"885";"877";"252";"110";"101";"144";"216";"42";;"12.0";"884";"248";"88";"98";"118";"209";"1";"53";"26";"4";"4";"13";"0";"0";"5";"0";"6";"4";"1";"6"
"428";"53001";"45.0";"0";"983";"980";"354";"103";"81";"123";"230";"62";"20.0";"7.0";"980";"349";"90";"86";"115";"207";"2";"66";"24";"6";"4";"14";"1";"0";"1";"0";"8";"1";"0";"6"
"429";"53002";"45.0";"0";"894";"884";"240";"146";"67";"151";"204";"46";"27.0";"3.0";"892";"279";"102";"84";"136";"160";"2";"49";"22";"20";"1";"23";"2";"2";"3";"1";"1";"1";"1";"3"
"430";"53003";"45.0";"0";"1108";"1100";"295";"174";"109";"195";"224";"78";"14.0";"11.0";"1105";"306";"148";"113";"170";"189";"2";"66";"40";"10";"6";"14";"3";"0";"4";"2";"18";"2";"0";"12"
"431";"54001";"44.0";"0";"651";"643";"162";"86";"94";"75";"170";"51";;"5.0";"648";"169";"68";"83";"75";"158";"4";"46";"12";"7";"5";"7";"1";"0";"1";"1";"5";"1";"3";"2"
"432";"54002";"44.0";"0";"832";"825";"230";"140";"91";"121";"190";"46";;"7.0";"828";"229";"96";"81";"113";"181";"0";"44";"34";"12";"11";"13";"2";"0";"1";"3";"2";"0";"0";"6"
"433";"54003";"44.0";"0";"1049";"1038";"337";"123";"134";"194";"168";"70";;"12.0";"1046";"354";"91";"106";"183";"167";"3";"65";"28";"10";"2";"17";"3";"0";"3";"1";"5";"4";"1";"3"
"434";"54004";"44.0";"0";"1085";"1079";"333";"142";"115";"178";"233";"64";;"14.0";"1085";"328";"111";"99";"161";"218";"1";"69";"33";"10";"5";"26";"1";"0";"4";"1";"4";"2";"1";"11"
"435";"55001";"44.0";"0";"861";"853";"257";"119";"100";"154";"161";"52";;"10.0";"861";"253";"97";"83";"127";"144";"0";"66";"42";"13";"0";"16";"3";"0";"2";"0";"5";"1";"1";"8"
"436";"55002";"44.0";"0";"590";"587";"183";"105";"69";"133";"55";"34";;"8.0";"590";"197";"98";"49";"118";"45";"0";"31";"24";"7";"1";"5";"3";"0";"0";"0";"2";"2";"0";"8"
"437";"55003";"44.0";"0";"720";"713";"207";"94";"93";"154";"106";"50";;"9.0";"718";"210";"74";"89";"143";"82";"2";"53";"26";"7";"6";"12";"0";"0";"1";"0";"3";"2";"1";"7"
"438";"56001";"44.0";"0";"848";"834";"231";"112";"116";"182";"102";"77";;"14.0";"839";"228";"93";"95";"164";"106";"4";"64";"40";"10";"1";"15";"1";"0";"4";"0";"3";"5";"1";"5"
"439";"56002";"44.0";"0";"739";"736";"211";"113";"56";"196";"98";"51";;"11.0";"739";"210";"95";"48";"183";"76";"1";"53";"33";"10";"3";"8";"1";"1";"1";"1";"3";"4";"4";"4"
"440";"56003";"44.0";"0";"890";"885";"232";"146";"119";"203";"109";"64";;"12.0";"887";"264";"94";"104";"179";"99";"3";"59";"27";"15";"5";"20";"2";"0";"4";"2";"3";"3";"2";"2"
"441";"57001";"44.0";"0";"789";"786";"204";"127";"96";"128";"175";"50";;"6.0";"787";"200";"92";"88";"111";"173";"3";"47";"16";"13";"4";"19";"0";"1";"0";"1";"12";"4";"0";"3"
"442";"57002";"44.0";"0";"768";"759";"217";"121";"84";"150";"126";"52";;"9.0";"766";"244";"96";"66";"144";"106";"1";"51";"26";"5";"1";"4";"3";"0";"11";"0";"3";"2";"2";"1"
"443";"57003";"44.0";"0";"716";"710";"205";"133";"76";"128";"118";"44";;"6.0";"713";"210";"107";"69";"118";"108";"0";"44";"23";"8";"4";"14";"1";"1";"2";"0";"2";"1";"0";"1"
"444";"57004";"44.0";"0";"916";"900";"309";"120";"95";"173";"132";"63";;"8.0";"916";"318";"95";"92";"155";"123";"0";"61";"24";"7";"3";"10";"2";"2";"5";"1";"8";"5";"0";"5"
"445";"61001";"42.0";"0";"1086";"1075";"313";"145";"99";"260";"163";"95";;;"1081";"319";"115";"105";"237";"116";"5";"72";"50";"21";"6";"16";"1";"0";"5";"0";"2";"2";"0";"9"
"446";"61002";"42.0";"0";"659";"650";"196";"103";"65";"167";"73";"46";;;"655";"204";"83";"64";"144";"50";"10";"39";"24";"14";"9";"9";"0";"0";"1";"0";"1";"0";"0";"3"
"447";"62001";"42.0";"0";"621";"615";"195";"83";"58";"111";"103";"65";;;"619";"208";"59";"57";"101";"88";"1";"50";"21";"9";"3";"14";"0";"0";"2";"0";"3";"2";"0";"1"
"448";"62002";"42.0";"0";"834";"829";"237";"97";"74";"189";"171";"61";;;"832";"244";"81";"74";"172";"139";"1";"55";"25";"10";"4";"15";"2";"0";"4";"0";"1";"1";"0";"4"
"449";"62003";"42.0";"0";"979";"967";"300";"121";"71";"226";"154";"95";;;"978";"296";"95";"93";"214";"123";"1";"75";"39";"13";"4";"14";"1";"0";"1";"1";"3";"2";"0";"3"
"450";"63001";"42.0";"0";"757";"754";"312";"59";"63";"119";"134";"67";;;"757";"314";"57";"66";"113";"102";"0";"59";"17";"8";"0";"7";"0";"0";"3";"0";"4";"2";"0";"5"
"451";"63002";"42.0";"0";"1030";"1022";"368";"92";"89";"238";"154";"81";;;"1029";"353";"85";"110";"218";"128";"0";"66";"27";"14";"1";"17";"0";"0";"3";"0";"4";"0";"0";"3"
"452";"64000";"42.0";"0";"913";"907";"271";"146";"84";"232";"102";"72";;;"912";"277";"111";"87";"211";"82";"5";"51";"49";"11";"4";"11";"4";"1";"1";"0";"2";"0";"1";"4"
"453";"71000";"42.0";"0";"733";"723";"233";"116";"47";"211";"66";"50";;;"727";"230";"90";"62";"198";"45";"3";"37";"26";"8";"1";"8";"0";"4";"4";"4";"0";"1";"1";"5"
"454";"72000";"42.0";"0";"903";"889";"238";"172";"60";"268";"81";"70";;;"892";"254";"133";"68";"246";"55";"6";"52";"33";"14";"2";"12";"1";"2";"5";"1";"3";"1";"1";"3"
"455";"73001";"42.0";"0";"675";"666";"215";"72";"54";"142";"113";"70";;;"670";"220";"56";"54";"124";"78";"0";"43";"57";"7";"4";"11";"0";"0";"1";"2";"6";"3";"1";"3"
"456";"73002";"42.0";"0";"682";"674";"232";"82";"61";"167";"69";"63";;;"679";"221";"62";"67";"138";"61";"0";"52";"45";"7";"3";"11";"1";"0";"5";"0";"0";"0";"1";"5"
"457";"74001";"43.0";"0";"616";"609";"182";"61";"67";"174";"83";"30";"12.0";;"613";"165";"51";"65";"149";"79";"1";"51";"18";"13";"2";"6";"0";"1";"3";"1";"1";"1";"2";"4"
"458";"74002";"43.0";"0";"738";"728";"261";"90";"95";"152";"66";"53";"11.0";;"729";"265";"68";"67";"132";"93";"1";"48";"29";"5";"0";"7";"0";"0";"3";"2";"2";"2";"1";"4"
"459";"75001";"43.0";"0";"980";"972";"329";"101";"131";"236";"91";"63";"21.0";;"979";"326";"70";"107";"213";"93";"0";"82";"42";"16";"3";"8";"0";"0";"2";"1";"6";"0";"2";"8"
"460";"75002";"43.0";"0";"712";"707";"224";"102";"83";"128";"103";"45";"22.0";;"711";"228";"74";"68";"116";"113";"1";"49";"27";"6";"1";"13";"1";"1";"2";"0";"3";"2";"1";"5"
"461";"75003";"43.0";"0";"576";"560";"171";"74";"89";"117";"60";"37";"12.0";;"565";"193";"69";"65";"97";"52";"2";"45";"20";"8";"1";"8";"0";"0";"1";"1";"1";"1";"0";"1"
"462";"75004";"43.0";"0";"883";"877";"309";"111";"116";"172";"104";"48";"17.0";;"881";"272";"96";"83";"159";"126";"0";"76";"32";"4";"2";"18";"1";"0";"0";"0";"5";"2";"0";"5"
"463";"76001";"45.0";"0";"807";"804";"174";"124";"69";"79";"283";"37";"34.0";"4.0";"805";"201";"95";"77";"72";"251";"0";"30";"12";"15";"9";"29";"1";"0";"1";"1";"4";"5";"1";"1"
"464";"76002";"45.0";"0";"585";"584";"156";"80";"48";"104";"152";"24";"16.0";"4.0";"584";"158";"59";"52";"97";"133";"0";"34";"15";"4";"5";"9";"2";"0";"2";"1";"5";"3";"2";"3"
"465";"76003";"45.0";"0";"748";"738";"207";"101";"62";"150";"147";"41";"25.0";"5.0";"740";"216";"83";"66";"133";"117";"1";"45";"22";"10";"4";"21";"1";"0";"1";"0";"10";"6";"0";"4"
"466";"77000";"43.0";"0";"890";"877";"233";"132";"115";"227";"72";"71";"27.0";;"885";"256";"121";"75";"202";"72";"2";"65";"40";"12";"3";"17";"1";"0";"5";"0";"2";"2";"1";"9"
"467";"81001";"43.0";"0";"690";"686";"175";"131";"106";"101";"113";"37";"23.0";;"688";"186";"96";"82";"99";"130";"0";"33";"17";"12";"4";"16";"0";"0";"3";"0";"6";"2";"0";"2"
"468";"81002";"43.0";"0";"787";"781";"188";"146";"113";"84";"172";"38";"40.0";;"784";"187";"107";"83";"80";"198";"1";"45";"14";"4";"6";"36";"1";"0";"4";"0";"7";"5";"0";"6"
"469";"81003";"43.0";"0";"775";"767";"201";"122";"106";"101";"181";"37";"19.0";;"772";"197";"87";"81";"96";"225";"0";"38";"19";"5";"1";"12";"0";"0";"4";"0";"5";"2";"0";"0"
"470";"81004";"43.0";"0";"668";"663";"191";"118";"70";"72";"153";"35";"24.0";;"664";"152";"79";"64";"65";"196";"0";"47";"11";"8";"9";"22";"0";"0";"0";"0";"2";"6";"1";"2"
"471";"82001";"43.0";"0";"879";"875";"208";"153";"99";"115";"204";"46";"50.0";;"879";"210";"108";"72";"106";"228";"2";"61";"18";"8";"12";"28";"1";"0";"2";"1";"11";"8";"1";"2"
"472";"82002";"43.0";"0";"886";"875";"202";"147";"106";"72";"253";"48";"47.0";;"881";"173";"107";"72";"64";"281";"1";"79";"22";"11";"9";"39";"0";"1";"0";"0";"8";"13";"0";"1"
"473";"83001";"43.0";"0";"771";"766";"252";"122";"96";"148";"91";"42";"15.0";;"767";"239";"73";"68";"142";"112";"1";"74";"11";"9";"3";"10";"0";"1";"3";"2";"7";"5";"2";"5"
"474";"83002";"43.0";"0";"787";"781";"230";"110";"102";"196";"82";"32";"29.0";;"786";"234";"97";"67";"170";"86";"3";"59";"23";"10";"2";"16";"0";"1";"2";"0";"6";"1";"3";"6"
"475";"83003";"43.0";"0";"627";"620";"188";"91";"80";"131";"84";"25";"21.0";;"625";"184";"74";"56";"122";"107";"2";"33";"17";"5";"2";"13";"0";"0";"0";"1";"2";"5";"0";"2"
"476";"84001";"43.0";"0";"825";"813";"217";"116";"131";"219";"70";"38";"22.0";;"818";"233";"107";"92";"192";"72";"4";"46";"25";"11";"3";"10";"2";"1";"9";"1";"2";"3";"0";"5"
"477";"84002";"43.0";"0";"866";"860";"342";"84";"94";"163";"119";"35";"23.0";;"865";"333";"57";"74";"138";"134";"2";"53";"34";"8";"1";"14";"0";"1";"1";"0";"8";"3";"0";"4"
"478";"85001";"43.0";"0";"645";"642";"227";"68";"80";"136";"82";"39";"10.0";;"644";"223";"54";"64";"123";"88";"0";"36";"23";"6";"5";"7";"0";"0";"4";"1";"3";"4";"1";"2"
"479";"85002";"43.0";"0";"621";"617";"199";"70";"86";"115";"94";"28";"25.0";;"620";"187";"54";"65";"106";"110";"2";"42";"15";"11";"3";"16";"2";"1";"2";"0";"0";"1";"1";"2"
"480";"86001";"43.0";"0";"853";"848";"242";"130";"117";"103";"188";"41";"27.0";;"851";"235";"92";"82";"105";"221";"0";"39";"26";"5";"8";"27";"0";"0";"1";"0";"4";"5";"1";"0"
"481";"86002";"43.0";"0";"755";"750";"190";"147";"128";"83";"147";"28";"27.0";;"754";"193";"103";"91";"71";"185";"0";"36";"24";"9";"7";"20";"0";"1";"3";"3";"1";"3";"2";"2"
"482";"86003";"43.0";"0";"741";"737";"173";"120";"102";"52";"229";"42";"19.0";;"740";"155";"85";"73";"42";"273";"0";"43";"19";"9";"2";"22";"2";"1";"2";"1";"8";"2";"1";"0"
"483";"86004";"43.0";"0";"625";"619";"227";"71";"101";"67";"105";"39";"9.0";;"623";"211";"48";"72";"60";"138";"0";"50";"18";"4";"4";"13";"0";"0";"0";"1";"2";"2";"0";"0"
"484";"90011";"46.0";"0";"796";"791";"322";"89";"61";"178";"97";"44";;;"793";"273";"72";"53";"164";"108";"5";"38";"35";"11";"3";"11";"0";"0";"5";"1";"6";"1";"3";"4"
"485";"90012";"46.0";"0";"591";"584";"220";"61";"59";"133";"72";"39";;;"591";"180";"50";"53";"123";"81";"2";"43";"20";"16";"2";"4";"0";"0";"4";"3";"0";"1";"1";"8"
"486";"91001";"47.0";"0";"865";"854";"272";"98";"77";"157";"146";"57";"40.0";"7.0";"863";"270";"89";"87";"142";"131";"2";"47";"34";"14";"3";"19";"1";"1";"5";"0";"8";"3";"2";"5"
"487";"91002";"47.0";"0";"634";"629";"163";"78";"65";"115";"118";"51";"31.0";"8.0";"632";"159";"66";"57";"107";"102";"1";"53";"24";"15";"6";"20";"4";"0";"3";"0";"3";"4";"5";"3"
"488";"91003";"47.0";"0";"662";"657";"169";"92";"58";"106";"129";"52";"46.0";"5.0";"660";"158";"71";"65";"103";"114";"31";"33";"36";"11";"7";"5";"2";"2";"4";"0";"6";"7";"1";"4"
"489";"92001";"46.0";"0";"716";"707";"144";"114";"92";"49";"244";"64";;;"715";"123";"78";"62";"43";"237";"0";"60";"24";"9";"10";"47";"0";"0";"0";"0";"6";"10";"2";"4"
"490";"92002";"46.0";"0";"741";"727";"161";"124";"112";"87";"176";"67";;;"738";"135";"112";"69";"86";"205";"3";"48";"29";"8";"9";"19";"0";"1";"1";"0";"2";"3";"1";"7"
"491";"92003";"46.0";"0";"871";"861";"192";"157";"114";"85";"254";"59";;;"869";"156";"120";"76";"75";"257";"2";"42";"51";"10";"12";"43";"0";"0";"1";"0";"8";"9";"3";"4"
"492";"93001";"46.0";"0";"717";"712";"158";"120";"100";"54";"216";"64";;;"715";"131";"101";"58";"55";"230";"1";"44";"22";"11";"7";"33";"0";"0";"1";"1";"3";"12";"1";"4"
"493";"93002";"46.0";"0";"1053";"1045";"281";"165";"154";"107";"290";"48";;;"1052";"230";"132";"105";"101";"306";"0";"56";"32";"10";"10";"42";"1";"1";"2";"1";"10";"8";"2";"3"
"494";"93003";"46.0";"0";"897";"888";"227";"149";"127";"118";"216";"51";;;"895";"190";"127";"76";"99";"238";"0";"53";"42";"13";"4";"28";"0";"0";"0";"1";"6";"12";"0";"6"
"495";"94001";"46.0";"0";"1181";"1172";"447";"129";"108";"214";"192";"82";;;"1179";"399";"106";"101";"199";"198";"1";"71";"44";"12";"5";"24";"0";"1";"4";"2";"4";"4";"0";"4"
"496";"94002";"46.0";"0";"868";"859";"306";"105";"88";"172";"112";"76";;;"866";"276";"86";"78";"143";"111";"1";"62";"36";"17";"3";"24";"1";"0";"8";"1";"10";"2";"2";"5"
"497";"95000";"46.0";"0";"968";"960";"284";"163";"99";"280";"75";"59";;;"967";"268";"120";"94";"277";"79";"2";"46";"35";"9";"5";"11";"1";"2";"4";"2";"2";"2";"3";"5"
"498";"96000";"46.0";"0";"906";"895";"276";"137";"96";"239";"89";"58";;;"902";"263";"119";"82";"217";"82";"2";"50";"23";"20";"4";"14";"1";"2";"6";"1";"2";"3";"1";"10"
"499";"97000";"46.0";"0";"734";"728";"185";"145";"70";"205";"77";"46";;;"729";"174";"114";"62";"176";"78";"4";"43";"29";"10";"4";"12";"2";"2";"5";"0";"5";"1";"4";"4"
"500";"98001";"46.0";"0";"702";"694";"273";"72";"59";"163";"67";"60";;;"697";"246";"44";"49";"163";"87";"2";"47";"29";"4";"2";"9";"1";"0";"2";"1";"3";"2";"2";"4"
"501";"98002";"46.0";"0";"877";"871";"320";"120";"67";"213";"92";"59";;;"877";"294";"96";"63";"192";"95";"5";"47";"30";"14";"3";"19";"1";"1";"5";"0";"3";"2";"2";"5"
"502";"98003";"46.0";"0";"841";"836";"340";"80";"67";"176";"120";"53";;;"840";"284";"74";"74";"162";"125";"3";"61";"23";"9";"4";"4";"0";"0";"3";"2";"4";"2";"2";"4"
"503";"99010";"46.0";"0";"921";"909";"393";"89";"68";"218";"76";"65";;;"920";"350";"65";"66";"222";"92";"1";"57";"37";"8";"3";"7";"1";"0";"2";"0";"1";"0";"0";"8"
"504";"14612000";;"426474";"307905";"304352";"87754";"41400";"26664";"68291";"54849";"17975";"6381.0";"1038.0";"305802";"82032";"34726";"25970";"63383";"51580";"1048";"19839";"8922";"3758";"1679";"6775";"353";"412";"839";"270";"1385";"1204";"311";"1316"
